memberStateCode,memberStateName,beginDate,endDate,price,unit,weekNumber,product,variety,description,variety_name,calorie,,,,,
FR,France,2/12/2024,8/12/2024,136,100KG,49,apples,Elstar - Cat. I - Cal. 65-70,France - apples - Elstar - Cat. I - Cal. 65-70,Elstar,65-70,,,,,
FR,France,2/12/2024,8/12/2024,129,100KG,49,apples,Granny smith - Cat. I - Cal. 70-80,France - apples - Granny smith - Cat. I - Cal. 70-80,Granny smith,70-80,,,,,
FR,France,2/12/2024,8/12/2024,123,100KG,49,apples,Golden delicious - Cat. I - Cal. 70-80,France - apples - Golden delicious - Cat. I - Cal. 70-80,Golden delicious,70-80,,,,,
FR,France,2/12/2024,8/12/2024,122,100KG,49,apples,Gala - Cat . I - Cal . 65-70,France - apples - Gala - Cat . I - Cal . 65-70,Gala,65-70,,,,,
PT,Portugal,2/12/2024,8/12/2024,162,100KG,49,pears,"Rocha - Cat. I - Size 65+/75+, packs of around 5-10 kg","Portugal - pears - Rocha - Cat. I - Size 65+/75+, packs of around 5-10 kg",Rocha,65+/75+,,,,,
PT,Portugal,2/12/2024,8/12/2024,95,100KG,49,apples,Red delicious (et autres rouges) - Cat. I - Cal. 70-80,Portugal - apples - Red delicious (et autres rouges) - Cat. I - Cal. 70-80,Red delicious (et autres rouges),70-80,,,,,
PT,Portugal,2/12/2024,8/12/2024,116,100KG,49,apples,Gala - Cat . I - Cal . 65-70,Portugal - apples - Gala - Cat . I - Cal . 65-70,Gala,65-70,,,,,
PT,Portugal,2/12/2024,8/12/2024,127,100KG,49,apples,Fuji - Cat. I - Cal. 70-80,Portugal - apples - Fuji - Cat. I - Cal. 70-80,Fuji,70-80,,,,,
PT,Portugal,2/12/2024,8/12/2024,94,100KG,49,apples,Golden delicious - Cat. I - Cal. 70-80,Portugal - apples - Golden delicious - Cat. I - Cal. 70-80,Golden delicious,70-80,,,,,
FR,France,25/11/2024,1/12/2024,179,100KG,48,pears,"Williams (Bon Chrétien) - Cat. I - Size 65+/75+, packs of around 5-10 kg","France - pears - Williams (Bon Chrétien) - Cat. I - Size 65+/75+, packs of around 5-10 kg",Williams (Bon Chrétien),65+/75+,,,,,
FR,France,25/11/2024,1/12/2024,121.5,100KG,48,apples,Gala - Cat . I - Cal . 65-70,France - apples - Gala - Cat . I - Cal . 65-70,Gala,65-70,,,,,
FR,France,25/11/2024,1/12/2024,124.5,100KG,48,apples,Golden delicious - Cat. I - Cal. 70-80,France - apples - Golden delicious - Cat. I - Cal. 70-80,Golden delicious,70-80,,,,,
FR,France,25/11/2024,1/12/2024,130.5,100KG,48,apples,Granny smith - Cat. I - Cal. 70-80,France - apples - Granny smith - Cat. I - Cal. 70-80,Granny smith,70-80,,,,,
FR,France,25/11/2024,1/12/2024,135,100KG,48,apples,Elstar - Cat. I - Cal. 65-70,France - apples - Elstar - Cat. I - Cal. 65-70,Elstar,65-70,,,,,
PT,Portugal,25/11/2024,1/12/2024,127,100KG,48,apples,Fuji - Cat. I - Cal. 70-80,Portugal - apples - Fuji - Cat. I - Cal. 70-80,Fuji,70-80,,,,,
PT,Portugal,25/11/2024,1/12/2024,162,100KG,48,pears,"Rocha - Cat. I - Size 65+/75+, packs of around 5-10 kg","Portugal - pears - Rocha - Cat. I - Size 65+/75+, packs of around 5-10 kg",Rocha,65+/75+,,,,,
PT,Portugal,25/11/2024,1/12/2024,116,100KG,48,apples,Gala - Cat . I - Cal . 65-70,Portugal - apples - Gala - Cat . I - Cal . 65-70,Gala,65-70,,,,,
PT,Portugal,25/11/2024,1/12/2024,94,100KG,48,apples,Golden delicious - Cat. I - Cal. 70-80,Portugal - apples - Golden delicious - Cat. I - Cal. 70-80,Golden delicious,70-80,,,,,
PT,Portugal,25/11/2024,1/12/2024,95,100KG,48,apples,Red delicious (et autres rouges) - Cat. I - Cal. 70-80,Portugal - apples - Red delicious (et autres rouges) - Cat. I - Cal. 70-80,Red delicious (et autres rouges),70-80,,,,,
FR,France,18/11/2024,24/11/2024,121.5,100KG,47,apples,Gala - Cat . I - Cal . 65-70,France - apples - Gala - Cat . I - Cal . 65-70,Gala,65-70,,,,,
FR,France,18/11/2024,24/11/2024,130.5,100KG,47,apples,Golden delicious - Cat. I - Cal. 70-80,France - apples - Golden delicious - Cat. I - Cal. 70-80,Golden delicious,70-80,,,,,
FR,France,18/11/2024,24/11/2024,135,100KG,47,apples,Granny smith - Cat. I - Cal. 70-80,France - apples - Granny smith - Cat. I - Cal. 70-80,Granny smith,70-80,,,,,
FR,France,18/11/2024,24/11/2024,134.5,100KG,47,apples,Elstar - Cat. I - Cal. 65-70,France - apples - Elstar - Cat. I - Cal. 65-70,Elstar,65-70,,,,,
FR,France,18/11/2024,24/11/2024,179,100KG,47,pears,"Williams (Bon Chrétien) - Cat. I - Size 65+/75+, packs of around 5-10 kg","France - pears - Williams (Bon Chrétien) - Cat. I - Size 65+/75+, packs of around 5-10 kg",Williams (Bon Chrétien),65+/75+,,,,,
PT,Portugal,18/11/2024,24/11/2024,82,100KG,47,oranges,Valencia late - Cat. I - Cal. 2-4,Portugal - oranges - Valencia late - Cat. I - Cal. 2-4,Valencia late,2-4,,,,,
PT,Portugal,18/11/2024,24/11/2024,162,100KG,47,pears,"Rocha - Cat. I - Size 65+/75+, packs of around 5-10 kg","Portugal - pears - Rocha - Cat. I - Size 65+/75+, packs of around 5-10 kg",Rocha,65+/75+,,,,,
PT,Portugal,18/11/2024,24/11/2024,127,100KG,47,apples,Fuji - Cat. I - Cal. 70-80,Portugal - apples - Fuji - Cat. I - Cal. 70-80,Fuji,70-80,,,,,
PT,Portugal,18/11/2024,24/11/2024,94,100KG,47,apples,Golden delicious - Cat. I - Cal. 70-80,Portugal - apples - Golden delicious - Cat. I - Cal. 70-80,Golden delicious,70-80,,,,,
PT,Portugal,18/11/2024,24/11/2024,116,100KG,47,apples,Gala - Cat . I - Cal . 65-70,Portugal - apples - Gala - Cat . I - Cal . 65-70,Gala,65-70,,,,,
PT,Portugal,18/11/2024,24/11/2024,95,100KG,47,apples,Red delicious (et autres rouges) - Cat. I - Cal. 70-80,Portugal - apples - Red delicious (et autres rouges) - Cat. I - Cal. 70-80,Red delicious (et autres rouges),70-80,,,,,
FR,France,11/11/2024,17/11/2024,135,100KG,46,apples,Granny smith - Cat. I - Cal. 70-80,France - apples - Granny smith - Cat. I - Cal. 70-80,Granny smith,70-80,,,,,
FR,France,11/11/2024,17/11/2024,135,100KG,46,apples,Elstar - Cat. I - Cal. 65-70,France - apples - Elstar - Cat. I - Cal. 65-70,Elstar,65-70,,,,,
FR,France,11/11/2024,17/11/2024,177.5,100KG,46,pears,"Williams (Bon Chrétien) - Cat. I - Size 65+/75+, packs of around 5-10 kg","France - pears - Williams (Bon Chrétien) - Cat. I - Size 65+/75+, packs of around 5-10 kg",Williams (Bon Chrétien),65+/75+,,,,,
FR,France,11/11/2024,17/11/2024,130.5,100KG,46,apples,Golden delicious - Cat. I - Cal. 70-80,France - apples - Golden delicious - Cat. I - Cal. 70-80,Golden delicious,70-80,,,,,
FR,France,11/11/2024,17/11/2024,121.5,100KG,46,apples,Gala - Cat . I - Cal . 65-70,France - apples - Gala - Cat . I - Cal . 65-70,Gala,65-70,,,,,
FR,France,4/11/2024,10/11/2024,173,100KG,45,pears,"Williams (Bon Chrétien) - Cat. I - Size 65+/75+, packs of around 5-10 kg","France - pears - Williams (Bon Chrétien) - Cat. I - Size 65+/75+, packs of around 5-10 kg",Williams (Bon Chrétien),65+/75+,,,,,
FR,France,4/11/2024,10/11/2024,134,100KG,45,apples,Granny smith - Cat. I - Cal. 70-80,France - apples - Granny smith - Cat. I - Cal. 70-80,Granny smith,70-80,,,,,
FR,France,4/11/2024,10/11/2024,129.5,100KG,45,apples,Golden delicious - Cat. I - Cal. 70-80,France - apples - Golden delicious - Cat. I - Cal. 70-80,Golden delicious,70-80,,,,,
FR,France,4/11/2024,10/11/2024,121,100KG,45,apples,Gala - Cat . I - Cal . 65-70,France - apples - Gala - Cat . I - Cal . 65-70,Gala,65-70,,,,,
FR,France,4/11/2024,10/11/2024,135,100KG,45,apples,Elstar - Cat. I - Cal. 65-70,France - apples - Elstar - Cat. I - Cal. 65-70,Elstar,65-70,,,,,
PT,Portugal,4/11/2024,10/11/2024,82,100KG,45,oranges,Valencia late - Cat. I - Cal. 2-4,Portugal - oranges - Valencia late - Cat. I - Cal. 2-4,Valencia late,2-4,,,,,
PT,Portugal,4/11/2024,10/11/2024,162,100KG,45,pears,"Rocha - Cat. I - Size 65+/75+, packs of around 5-10 kg","Portugal - pears - Rocha - Cat. I - Size 65+/75+, packs of around 5-10 kg",Rocha,65+/75+,,,,,
PT,Portugal,4/11/2024,10/11/2024,115,100KG,45,apples,Gala - Cat . I - Cal . 65-70,Portugal - apples - Gala - Cat . I - Cal . 65-70,Gala,65-70,,,,,
PT,Portugal,4/11/2024,10/11/2024,95,100KG,45,apples,Red delicious (et autres rouges) - Cat. I - Cal. 70-80,Portugal - apples - Red delicious (et autres rouges) - Cat. I - Cal. 70-80,Red delicious (et autres rouges),70-80,,,,,
PT,Portugal,4/11/2024,10/11/2024,103,100KG,45,apples,Golden delicious - Cat. I - Cal. 70-80,Portugal - apples - Golden delicious - Cat. I - Cal. 70-80,Golden delicious,70-80,,,,,
PT,Portugal,4/11/2024,10/11/2024,112,100KG,45,apples,Fuji - Cat. I - Cal. 70-80,Portugal - apples - Fuji - Cat. I - Cal. 70-80,Fuji,70-80,,,,,
FR,France,28/10/2024,3/11/2024,169,100KG,44,pears,"Williams (Bon Chrétien) - Cat. I - Size 65+/75+, packs of around 5-10 kg","France - pears - Williams (Bon Chrétien) - Cat. I - Size 65+/75+, packs of around 5-10 kg",Williams (Bon Chrétien),65+/75+,,,,,
FR,France,28/10/2024,3/11/2024,135,100KG,44,apples,Elstar - Cat. I - Cal. 65-70,France - apples - Elstar - Cat. I - Cal. 65-70,Elstar,65-70,,,,,
FR,France,28/10/2024,3/11/2024,137,100KG,44,apples,Granny smith - Cat. I - Cal. 70-80,France - apples - Granny smith - Cat. I - Cal. 70-80,Granny smith,70-80,,,,,
FR,France,28/10/2024,3/11/2024,135,100KG,44,apples,Golden delicious - Cat. I - Cal. 70-80,France - apples - Golden delicious - Cat. I - Cal. 70-80,Golden delicious,70-80,,,,,
FR,France,28/10/2024,3/11/2024,124,100KG,44,apples,Gala - Cat . I - Cal . 65-70,France - apples - Gala - Cat . I - Cal . 65-70,Gala,65-70,,,,,
PT,Portugal,28/10/2024,3/11/2024,175,100KG,44,pears,"Rocha - Cat. I - Size 65+/75+, packs of around 5-10 kg","Portugal - pears - Rocha - Cat. I - Size 65+/75+, packs of around 5-10 kg",Rocha,65+/75+,,,,,
PT,Portugal,28/10/2024,3/11/2024,98,100KG,44,apples,Golden delicious - Cat. I - Cal. 70-80,Portugal - apples - Golden delicious - Cat. I - Cal. 70-80,Golden delicious,70-80,,,,,
PT,Portugal,28/10/2024,3/11/2024,105,100KG,44,apples,Gala - Cat . I - Cal . 65-70,Portugal - apples - Gala - Cat . I - Cal . 65-70,Gala,65-70,,,,,
PT,Portugal,28/10/2024,3/11/2024,100,100KG,44,apples,Fuji - Cat. I - Cal. 70-80,Portugal - apples - Fuji - Cat. I - Cal. 70-80,Fuji,70-80,,,,,
PT,Portugal,28/10/2024,3/11/2024,83,100KG,44,oranges,Valencia late - Cat. I - Cal. 2-4,Portugal - oranges - Valencia late - Cat. I - Cal. 2-4,Valencia late,2-4,,,,,
PT,Portugal,28/10/2024,3/11/2024,95,100KG,44,apples,Red delicious (et autres rouges) - Cat. I - Cal. 70-80,Portugal - apples - Red delicious (et autres rouges) - Cat. I - Cal. 70-80,Red delicious (et autres rouges),70-80,,,,,
FR,France,21/10/2024,27/10/2024,169,100KG,43,pears,"Williams (Bon Chrétien) - Cat. I - Size 65+/75+, packs of around 5-10 kg","France - pears - Williams (Bon Chrétien) - Cat. I - Size 65+/75+, packs of around 5-10 kg",Williams (Bon Chrétien),65+/75+,,,,,
FR,France,21/10/2024,27/10/2024,138,100KG,43,apples,Elstar - Cat. I - Cal. 65-70,France - apples - Elstar - Cat. I - Cal. 65-70,Elstar,65-70,,,,,
FR,France,21/10/2024,27/10/2024,137,100KG,43,apples,Granny smith - Cat. I - Cal. 70-80,France - apples - Granny smith - Cat. I - Cal. 70-80,Granny smith,70-80,,,,,
FR,France,21/10/2024,27/10/2024,134.5,100KG,43,apples,Golden delicious - Cat. I - Cal. 70-80,France - apples - Golden delicious - Cat. I - Cal. 70-80,Golden delicious,70-80,,,,,
FR,France,21/10/2024,27/10/2024,124,100KG,43,apples,Gala - Cat . I - Cal . 65-70,France - apples - Gala - Cat . I - Cal . 65-70,Gala,65-70,,,,,
PT,Portugal,21/10/2024,27/10/2024,162,100KG,43,pears,"Rocha - Cat. I - Size 65+/75+, packs of around 5-10 kg","Portugal - pears - Rocha - Cat. I - Size 65+/75+, packs of around 5-10 kg",Rocha,65+/75+,,,,,
PT,Portugal,21/10/2024,27/10/2024,95,100KG,43,apples,Red delicious (et autres rouges) - Cat. I - Cal. 70-80,Portugal - apples - Red delicious (et autres rouges) - Cat. I - Cal. 70-80,Red delicious (et autres rouges),70-80,,,,,
PT,Portugal,21/10/2024,27/10/2024,105,100KG,43,apples,Gala - Cat . I - Cal . 65-70,Portugal - apples - Gala - Cat . I - Cal . 65-70,Gala,65-70,,,,,
PT,Portugal,21/10/2024,27/10/2024,100,100KG,43,apples,Fuji - Cat. I - Cal. 70-80,Portugal - apples - Fuji - Cat. I - Cal. 70-80,Fuji,70-80,,,,,
PT,Portugal,21/10/2024,27/10/2024,83,100KG,43,oranges,Valencia late - Cat. I - Cal. 2-4,Portugal - oranges - Valencia late - Cat. I - Cal. 2-4,Valencia late,2-4,,,,,
PT,Portugal,21/10/2024,27/10/2024,95,100KG,43,apples,Golden delicious - Cat. I - Cal. 70-80,Portugal - apples - Golden delicious - Cat. I - Cal. 70-80,Golden delicious,70-80,,,,,
FR,France,14/10/2024,20/10/2024,170,100KG,42,pears,"Williams (Bon Chrétien) - Cat. I - Size 65+/75+, packs of around 5-10 kg","France - pears - Williams (Bon Chrétien) - Cat. I - Size 65+/75+, packs of around 5-10 kg",Williams (Bon Chrétien),65+/75+,,,,,
FR,France,14/10/2024,20/10/2024,138,100KG,42,apples,Elstar - Cat. I - Cal. 65-70,France - apples - Elstar - Cat. I - Cal. 65-70,Elstar,65-70,,,,,
FR,France,14/10/2024,20/10/2024,137.5,100KG,42,apples,Granny smith - Cat. I - Cal. 70-80,France - apples - Granny smith - Cat. I - Cal. 70-80,Granny smith,70-80,,,,,
FR,France,14/10/2024,20/10/2024,134,100KG,42,apples,Golden delicious - Cat. I - Cal. 70-80,France - apples - Golden delicious - Cat. I - Cal. 70-80,Golden delicious,70-80,,,,,
FR,France,14/10/2024,20/10/2024,123.5,100KG,42,apples,Gala - Cat . I - Cal . 65-70,France - apples - Gala - Cat . I - Cal . 65-70,Gala,65-70,,,,,
PT,Portugal,14/10/2024,20/10/2024,168,100KG,42,pears,"Rocha - Cat. I - Size 65+/75+, packs of around 5-10 kg","Portugal - pears - Rocha - Cat. I - Size 65+/75+, packs of around 5-10 kg",Rocha,65+/75+,,,,,
PT,Portugal,14/10/2024,20/10/2024,95,100KG,42,apples,Red delicious (et autres rouges) - Cat. I - Cal. 70-80,Portugal - apples - Red delicious (et autres rouges) - Cat. I - Cal. 70-80,Red delicious (et autres rouges),70-80,,,,,
PT,Portugal,14/10/2024,20/10/2024,105,100KG,42,apples,Gala - Cat . I - Cal . 65-70,Portugal - apples - Gala - Cat . I - Cal . 65-70,Gala,65-70,,,,,
PT,Portugal,14/10/2024,20/10/2024,100,100KG,42,apples,Fuji - Cat. I - Cal. 70-80,Portugal - apples - Fuji - Cat. I - Cal. 70-80,Fuji,70-80,,,,,
PT,Portugal,14/10/2024,20/10/2024,83,100KG,42,oranges,Valencia late - Cat. I - Cal. 2-4,Portugal - oranges - Valencia late - Cat. I - Cal. 2-4,Valencia late,2-4,,,,,
PT,Portugal,14/10/2024,20/10/2024,95,100KG,42,apples,Golden delicious - Cat. I - Cal. 70-80,Portugal - apples - Golden delicious - Cat. I - Cal. 70-80,Golden delicious,70-80,,,,,
FR,France,7/10/2024,13/10/2024,124,100KG,41,apples,Gala - Cat . I - Cal . 65-70,France - apples - Gala - Cat . I - Cal . 65-70,Gala,65-70,,,,,
FR,France,7/10/2024,13/10/2024,139,100KG,41,apples,Golden delicious - Cat. I - Cal. 70-80,France - apples - Golden delicious - Cat. I - Cal. 70-80,Golden delicious,70-80,,,,,
FR,France,7/10/2024,13/10/2024,138,100KG,41,apples,Granny smith - Cat. I - Cal. 70-80,France - apples - Granny smith - Cat. I - Cal. 70-80,Granny smith,70-80,,,,,
FR,France,7/10/2024,13/10/2024,137,100KG,41,apples,Elstar - Cat. I - Cal. 65-70,France - apples - Elstar - Cat. I - Cal. 65-70,Elstar,65-70,,,,,
FR,France,7/10/2024,13/10/2024,171.5,100KG,41,pears,"Williams (Bon Chrétien) - Cat. I - Size 65+/75+, packs of around 5-10 kg","France - pears - Williams (Bon Chrétien) - Cat. I - Size 65+/75+, packs of around 5-10 kg",Williams (Bon Chrétien),65+/75+,,,,,
NL,Netherlands,7/10/2024,13/10/2024,106.59,100KG,41,apples,Jonagold (ou Jonagored) - Cat. I - Cal . 70-80,Netherlands - apples - Jonagold (ou Jonagored) - Cat. I - Cal . 70-80,Jonagold (ou Jonagored),70-80,,,,,
NL,Netherlands,7/10/2024,13/10/2024,109.13,100KG,41,pears,"Conference - Cat. I - Size 60/65+, packs of around 5-10 kg","Netherlands - pears - Conference - Cat. I - Size 60/65+, packs of around 5-10 kg",Conference,60/65+,,,,,
NL,Netherlands,7/10/2024,13/10/2024,111.84,100KG,41,apples,Elstar - Cat. I - Cal. 65-70,Netherlands - apples - Elstar - Cat. I - Cal. 65-70,Elstar,65-70,,,,,
PT,Portugal,7/10/2024,13/10/2024,95,100KG,41,apples,Red delicious (et autres rouges) - Cat. I - Cal. 70-80,Portugal - apples - Red delicious (et autres rouges) - Cat. I - Cal. 70-80,Red delicious (et autres rouges),70-80,,,,,
PT,Portugal,7/10/2024,13/10/2024,165,100KG,41,pears,"Rocha - Cat. I - Size 65+/75+, packs of around 5-10 kg","Portugal - pears - Rocha - Cat. I - Size 65+/75+, packs of around 5-10 kg",Rocha,65+/75+,,,,,
PT,Portugal,7/10/2024,13/10/2024,95,100KG,41,apples,Golden delicious - Cat. I - Cal. 70-80,Portugal - apples - Golden delicious - Cat. I - Cal. 70-80,Golden delicious,70-80,,,,,
PT,Portugal,7/10/2024,13/10/2024,105,100KG,41,apples,Gala - Cat . I - Cal . 65-70,Portugal - apples - Gala - Cat . I - Cal . 65-70,Gala,65-70,,,,,
PT,Portugal,7/10/2024,13/10/2024,100,100KG,41,apples,Fuji - Cat. I - Cal. 70-80,Portugal - apples - Fuji - Cat. I - Cal. 70-80,Fuji,70-80,,,,,
PT,Portugal,7/10/2024,13/10/2024,83,100KG,41,oranges,Valencia late - Cat. I - Cal. 2-4,Portugal - oranges - Valencia late - Cat. I - Cal. 2-4,Valencia late,2-4,,,,,
FR,France,30/09/2024,6/10/2024,125,100KG,40,apples,Gala - Cat . I - Cal . 65-70,France - apples - Gala - Cat . I - Cal . 65-70,Gala,65-70,,,,,
FR,France,30/09/2024,6/10/2024,172.5,100KG,40,pears,"Williams (Bon Chrétien) - Cat. I - Size 65+/75+, packs of around 5-10 kg","France - pears - Williams (Bon Chrétien) - Cat. I - Size 65+/75+, packs of around 5-10 kg",Williams (Bon Chrétien),65+/75+,,,,,
FR,France,30/09/2024,6/10/2024,137,100KG,40,apples,Elstar - Cat. I - Cal. 65-70,France - apples - Elstar - Cat. I - Cal. 65-70,Elstar,65-70,,,,,
FR,France,30/09/2024,6/10/2024,137.5,100KG,40,apples,Granny smith - Cat. I - Cal. 70-80,France - apples - Granny smith - Cat. I - Cal. 70-80,Granny smith,70-80,,,,,
FR,France,30/09/2024,6/10/2024,141.5,100KG,40,apples,Golden delicious - Cat. I - Cal. 70-80,France - apples - Golden delicious - Cat. I - Cal. 70-80,Golden delicious,70-80,,,,,
NL,Netherlands,30/09/2024,6/10/2024,107.88,100KG,40,pears,"Conference - Cat. I - Size 60/65+, packs of around 5-10 kg","Netherlands - pears - Conference - Cat. I - Size 60/65+, packs of around 5-10 kg",Conference,60/65+,,,,,
NL,Netherlands,30/09/2024,6/10/2024,102.06,100KG,40,apples,Elstar - Cat. I - Cal. 65-70,Netherlands - apples - Elstar - Cat. I - Cal. 65-70,Elstar,65-70,,,,,
NL,Netherlands,30/09/2024,6/10/2024,105.44,100KG,40,apples,Jonagold (ou Jonagored) - Cat. I - Cal . 70-80,Netherlands - apples - Jonagold (ou Jonagored) - Cat. I - Cal . 70-80,Jonagold (ou Jonagored),70-80,,,,,
PT,Portugal,30/09/2024,6/10/2024,83,100KG,40,oranges,Valencia late - Cat. I - Cal. 2-4,Portugal - oranges - Valencia late - Cat. I - Cal. 2-4,Valencia late,2-4,,,,,
PT,Portugal,30/09/2024,6/10/2024,95,100KG,40,apples,Golden delicious - Cat. I - Cal. 70-80,Portugal - apples - Golden delicious - Cat. I - Cal. 70-80,Golden delicious,70-80,,,,,
PT,Portugal,30/09/2024,6/10/2024,170,100KG,40,pears,"Rocha - Cat. I - Size 65+/75+, packs of around 5-10 kg","Portugal - pears - Rocha - Cat. I - Size 65+/75+, packs of around 5-10 kg",Rocha,65+/75+,,,,,
FR,France,23/09/2024,29/09/2024,140,100KG,39,apples,Granny smith - Cat. I - Cal. 70-80,France - apples - Granny smith - Cat. I - Cal. 70-80,Granny smith,70-80,,,,,
FR,France,23/09/2024,29/09/2024,145,100KG,39,apples,Golden delicious - Cat. I - Cal. 70-80,France - apples - Golden delicious - Cat. I - Cal. 70-80,Golden delicious,70-80,,,,,
FR,France,23/09/2024,29/09/2024,128,100KG,39,apples,Gala - Cat . I - Cal . 65-70,France - apples - Gala - Cat . I - Cal . 65-70,Gala,65-70,,,,,
NL,Netherlands,23/09/2024,29/09/2024,107.97,100KG,39,pears,"Conference - Cat. I - Size 60/65+, packs of around 5-10 kg","Netherlands - pears - Conference - Cat. I - Size 60/65+, packs of around 5-10 kg",Conference,60/65+,,,,,
NL,Netherlands,23/09/2024,29/09/2024,103.56,100KG,39,apples,Elstar - Cat. I - Cal. 65-70,Netherlands - apples - Elstar - Cat. I - Cal. 65-70,Elstar,65-70,,,,,
NL,Netherlands,23/09/2024,29/09/2024,106.08,100KG,39,apples,Jonagold (ou Jonagored) - Cat. I - Cal . 70-80,Netherlands - apples - Jonagold (ou Jonagored) - Cat. I - Cal . 70-80,Jonagold (ou Jonagored),70-80,,,,,
PT,Portugal,23/09/2024,29/09/2024,93,100KG,39,apples,Gala - Cat . I - Cal . 65-70,Portugal - apples - Gala - Cat . I - Cal . 65-70,Gala,65-70,,,,,
PT,Portugal,23/09/2024,29/09/2024,83,100KG,39,oranges,Valencia late - Cat. I - Cal. 2-4,Portugal - oranges - Valencia late - Cat. I - Cal. 2-4,Valencia late,2-4,,,,,
PT,Portugal,23/09/2024,29/09/2024,95,100KG,39,apples,Golden delicious - Cat. I - Cal. 70-80,Portugal - apples - Golden delicious - Cat. I - Cal. 70-80,Golden delicious,70-80,,,,,
PT,Portugal,23/09/2024,29/09/2024,184,100KG,39,pears,"Rocha - Cat. I - Size 65+/75+, packs of around 5-10 kg","Portugal - pears - Rocha - Cat. I - Size 65+/75+, packs of around 5-10 kg",Rocha,65+/75+,,,,,
FR,France,16/09/2024,22/09/2024,140,100KG,38,apples,Granny smith - Cat. I - Cal. 70-80,France - apples - Granny smith - Cat. I - Cal. 70-80,Granny smith,70-80,,,,,
FR,France,16/09/2024,22/09/2024,128.33,100KG,38,apples,Gala - Cat . I - Cal . 65-70,France - apples - Gala - Cat . I - Cal . 65-70,Gala,65-70,,,,,
NL,Netherlands,16/09/2024,22/09/2024,92.16,100KG,38,apples,Elstar - Cat. I - Cal. 65-70,Netherlands - apples - Elstar - Cat. I - Cal. 65-70,Elstar,65-70,,,,,
NL,Netherlands,16/09/2024,22/09/2024,103.12,100KG,38,apples,Jonagold (ou Jonagored) - Cat. I - Cal . 70-80,Netherlands - apples - Jonagold (ou Jonagored) - Cat. I - Cal . 70-80,Jonagold (ou Jonagored),70-80,,,,,
NL,Netherlands,16/09/2024,22/09/2024,116.12,100KG,38,pears,"Conference - Cat. I - Size 60/65+, packs of around 5-10 kg","Netherlands - pears - Conference - Cat. I - Size 60/65+, packs of around 5-10 kg",Conference,60/65+,,,,,
PT,Portugal,16/09/2024,22/09/2024,83,100KG,38,oranges,Valencia late - Cat. I - Cal. 2-4,Portugal - oranges - Valencia late - Cat. I - Cal. 2-4,Valencia late,2-4,,,,,
PT,Portugal,16/09/2024,22/09/2024,98,100KG,38,apples,Gala - Cat . I - Cal . 65-70,Portugal - apples - Gala - Cat . I - Cal . 65-70,Gala,65-70,,,,,
PT,Portugal,16/09/2024,22/09/2024,194,100KG,38,pears,"Rocha - Cat. I - Size 65+/75+, packs of around 5-10 kg","Portugal - pears - Rocha - Cat. I - Size 65+/75+, packs of around 5-10 kg",Rocha,65+/75+,,,,,
PT,Portugal,16/09/2024,22/09/2024,100,100KG,38,apples,Golden delicious - Cat. I - Cal. 70-80,Portugal - apples - Golden delicious - Cat. I - Cal. 70-80,Golden delicious,70-80,,,,,
FR,France,9/9/2024,15/09/2024,131.25,100KG,37,apples,Gala - Cat . I - Cal . 65-70,France - apples - Gala - Cat . I - Cal . 65-70,Gala,65-70,,,,,
NL,Netherlands,9/9/2024,15/09/2024,112.14,100KG,37,apples,Jonagold (ou Jonagored) - Cat. I - Cal . 70-80,Netherlands - apples - Jonagold (ou Jonagored) - Cat. I - Cal . 70-80,Jonagold (ou Jonagored),70-80,,,,,
NL,Netherlands,9/9/2024,15/09/2024,116.35,100KG,37,pears,"Conference - Cat. I - Size 60/65+, packs of around 5-10 kg","Netherlands - pears - Conference - Cat. I - Size 60/65+, packs of around 5-10 kg",Conference,60/65+,,,,,
PT,Portugal,9/9/2024,15/09/2024,194,100KG,37,pears,"Rocha - Cat. I - Size 65+/75+, packs of around 5-10 kg","Portugal - pears - Rocha - Cat. I - Size 65+/75+, packs of around 5-10 kg",Rocha,65+/75+,,,,,
PT,Portugal,9/9/2024,15/09/2024,100,100KG,37,apples,Golden delicious - Cat. I - Cal. 70-80,Portugal - apples - Golden delicious - Cat. I - Cal. 70-80,Golden delicious,70-80,,,,,
PT,Portugal,9/9/2024,15/09/2024,98,100KG,37,apples,Gala - Cat . I - Cal . 65-70,Portugal - apples - Gala - Cat . I - Cal . 65-70,Gala,65-70,,,,,
PT,Portugal,9/9/2024,15/09/2024,83,100KG,37,oranges,Valencia late - Cat. I - Cal. 2-4,Portugal - oranges - Valencia late - Cat. I - Cal. 2-4,Valencia late,2-4,,,,,
FR,France,2/9/2024,8/9/2024,138.75,100KG,36,apples,Gala - Cat . I - Cal . 65-70,France - apples - Gala - Cat . I - Cal . 65-70,Gala,65-70,,,,,
NL,Netherlands,2/9/2024,8/9/2024,93.44,100KG,36,apples,Elstar - Cat. I - Cal. 65-70,Netherlands - apples - Elstar - Cat. I - Cal. 65-70,Elstar,65-70,,,,,
NL,Netherlands,2/9/2024,8/9/2024,131.1,100KG,36,pears,"Conference - Cat. I - Size 60/65+, packs of around 5-10 kg","Netherlands - pears - Conference - Cat. I - Size 60/65+, packs of around 5-10 kg",Conference,60/65+,,,,,
NL,Netherlands,2/9/2024,8/9/2024,121.46,100KG,36,apples,Jonagold (ou Jonagored) - Cat. I - Cal . 70-80,Netherlands - apples - Jonagold (ou Jonagored) - Cat. I - Cal . 70-80,Jonagold (ou Jonagored),70-80,,,,,
PT,Portugal,2/9/2024,8/9/2024,174,100KG,36,pears,"Rocha - Cat. I - Size 65+/75+, packs of around 5-10 kg","Portugal - pears - Rocha - Cat. I - Size 65+/75+, packs of around 5-10 kg",Rocha,65+/75+,,,,,
PT,Portugal,2/9/2024,8/9/2024,72,100KG,36,apples,Golden delicious - Cat. I - Cal. 70-80,Portugal - apples - Golden delicious - Cat. I - Cal. 70-80,Golden delicious,70-80,,,,,
PT,Portugal,2/9/2024,8/9/2024,82,100KG,36,oranges,Valencia late - Cat. I - Cal. 2-4,Portugal - oranges - Valencia late - Cat. I - Cal. 2-4,Valencia late,2-4,,,,,
FR,France,26/08/2024,1/9/2024,140,100KG,35,apples,Gala - Cat . I - Cal . 65-70,France - apples - Gala - Cat . I - Cal . 65-70,Gala,65-70,,,,,
NL,Netherlands,26/08/2024,1/9/2024,120.46,100KG,35,pears,"Conference - Cat. I - Size 60/65+, packs of around 5-10 kg","Netherlands - pears - Conference - Cat. I - Size 60/65+, packs of around 5-10 kg",Conference,60/65+,,,,,
NL,Netherlands,26/08/2024,1/9/2024,115.02,100KG,35,apples,Elstar - Cat. I - Cal. 65-70,Netherlands - apples - Elstar - Cat. I - Cal. 65-70,Elstar,65-70,,,,,
NL,Netherlands,26/08/2024,1/9/2024,128.92,100KG,35,apples,Jonagold (ou Jonagored) - Cat. I - Cal . 70-80,Netherlands - apples - Jonagold (ou Jonagored) - Cat. I - Cal . 70-80,Jonagold (ou Jonagored),70-80,,,,,
PT,Portugal,26/08/2024,1/9/2024,75,100KG,35,apples,Golden delicious - Cat. I - Cal. 70-80,Portugal - apples - Golden delicious - Cat. I - Cal. 70-80,Golden delicious,70-80,,,,,
PT,Portugal,26/08/2024,1/9/2024,117,100KG,35,apples,Gala - Cat . I - Cal . 65-70,Portugal - apples - Gala - Cat . I - Cal . 65-70,Gala,65-70,,,,,
PT,Portugal,26/08/2024,1/9/2024,68,100KG,35,oranges,Valencia late - Cat. I - Cal. 2-4,Portugal - oranges - Valencia late - Cat. I - Cal. 2-4,Valencia late,2-4,,,,,
PT,Portugal,26/08/2024,1/9/2024,174,100KG,35,pears,"Rocha - Cat. I - Size 65+/75+, packs of around 5-10 kg","Portugal - pears - Rocha - Cat. I - Size 65+/75+, packs of around 5-10 kg",Rocha,65+/75+,,,,,
FR,France,19/08/2024,25/08/2024,145,100KG,34,apples,Gala - Cat . I - Cal . 65-70,France - apples - Gala - Cat . I - Cal . 65-70,Gala,65-70,,,,,
NL,Netherlands,19/08/2024,25/08/2024,135.02,100KG,34,pears,"Conference - Cat. I - Size 60/65+, packs of around 5-10 kg","Netherlands - pears - Conference - Cat. I - Size 60/65+, packs of around 5-10 kg",Conference,60/65+,,,,,
NL,Netherlands,19/08/2024,25/08/2024,141.71,100KG,34,apples,Elstar - Cat. I - Cal. 65-70,Netherlands - apples - Elstar - Cat. I - Cal. 65-70,Elstar,65-70,,,,,
NL,Netherlands,19/08/2024,25/08/2024,129.47,100KG,34,apples,Jonagold (ou Jonagored) - Cat. I - Cal . 70-80,Netherlands - apples - Jonagold (ou Jonagored) - Cat. I - Cal . 70-80,Jonagold (ou Jonagored),70-80,,,,,
PT,Portugal,19/08/2024,25/08/2024,162,100KG,34,pears,"Rocha - Cat. I - Size 65+/75+, packs of around 5-10 kg","Portugal - pears - Rocha - Cat. I - Size 65+/75+, packs of around 5-10 kg",Rocha,65+/75+,,,,,
PT,Portugal,19/08/2024,25/08/2024,48,100KG,34,apples,Red delicious (et autres rouges) - Cat. I - Cal. 70-80,Portugal - apples - Red delicious (et autres rouges) - Cat. I - Cal. 70-80,Red delicious (et autres rouges),70-80,,,,,
PT,Portugal,19/08/2024,25/08/2024,75,100KG,34,apples,Golden delicious - Cat. I - Cal. 70-80,Portugal - apples - Golden delicious - Cat. I - Cal. 70-80,Golden delicious,70-80,,,,,
PT,Portugal,19/08/2024,25/08/2024,66,100KG,34,oranges,Valencia late - Cat. I - Cal. 2-4,Portugal - oranges - Valencia late - Cat. I - Cal. 2-4,Valencia late,2-4,,,,,
PT,Portugal,19/08/2024,25/08/2024,105,100KG,34,apples,Gala - Cat . I - Cal . 65-70,Portugal - apples - Gala - Cat . I - Cal . 65-70,Gala,65-70,,,,,
NL,Netherlands,12/8/2024,18/08/2024,129.31,100KG,33,pears,"Conference - Cat. I - Size 60/65+, packs of around 5-10 kg","Netherlands - pears - Conference - Cat. I - Size 60/65+, packs of around 5-10 kg",Conference,60/65+,,,,,
NL,Netherlands,12/8/2024,18/08/2024,129.92,100KG,33,apples,Jonagold (ou Jonagored) - Cat. I - Cal . 70-80,Netherlands - apples - Jonagold (ou Jonagored) - Cat. I - Cal . 70-80,Jonagold (ou Jonagored),70-80,,,,,
PT,Portugal,12/8/2024,18/08/2024,105,100KG,33,apples,Gala - Cat . I - Cal . 65-70,Portugal - apples - Gala - Cat . I - Cal . 65-70,Gala,65-70,,,,,
PT,Portugal,12/8/2024,18/08/2024,68,100KG,33,oranges,Valencia late - Cat. I - Cal. 2-4,Portugal - oranges - Valencia late - Cat. I - Cal. 2-4,Valencia late,2-4,,,,,
PT,Portugal,12/8/2024,18/08/2024,74,100KG,33,apples,Golden delicious - Cat. I - Cal. 70-80,Portugal - apples - Golden delicious - Cat. I - Cal. 70-80,Golden delicious,70-80,,,,,
NL,Netherlands,5/8/2024,11/8/2024,141.77,100KG,32,pears,"Conference - Cat. I - Size 60/65+, packs of around 5-10 kg","Netherlands - pears - Conference - Cat. I - Size 60/65+, packs of around 5-10 kg",Conference,60/65+,,,,,
NL,Netherlands,5/8/2024,11/8/2024,123.31,100KG,32,apples,Jonagold (ou Jonagored) - Cat. I - Cal . 70-80,Netherlands - apples - Jonagold (ou Jonagored) - Cat. I - Cal . 70-80,Jonagold (ou Jonagored),70-80,,,,,
NL,Netherlands,29/07/2024,4/8/2024,137.2,100KG,31,pears,"Conference - Cat. I - Size 60/65+, packs of around 5-10 kg","Netherlands - pears - Conference - Cat. I - Size 60/65+, packs of around 5-10 kg",Conference,60/65+,,,,,
NL,Netherlands,29/07/2024,4/8/2024,118.23,100KG,31,apples,Jonagold (ou Jonagored) - Cat. I - Cal . 70-80,Netherlands - apples - Jonagold (ou Jonagored) - Cat. I - Cal . 70-80,Jonagold (ou Jonagored),70-80,,,,,
PT,Portugal,29/07/2024,4/8/2024,74,100KG,31,apples,Golden delicious - Cat. I - Cal. 70-80,Portugal - apples - Golden delicious - Cat. I - Cal. 70-80,Golden delicious,70-80,,,,,
PT,Portugal,29/07/2024,4/8/2024,105,100KG,31,apples,Gala - Cat . I - Cal . 65-70,Portugal - apples - Gala - Cat . I - Cal . 65-70,Gala,65-70,,,,,
PT,Portugal,29/07/2024,4/8/2024,68,100KG,31,oranges,Valencia late - Cat. I - Cal. 2-4,Portugal - oranges - Valencia late - Cat. I - Cal. 2-4,Valencia late,2-4,,,,,
NL,Netherlands,22/07/2024,28/07/2024,127.18,100KG,30,pears,"Conference - Cat. I - Size 60/65+, packs of around 5-10 kg","Netherlands - pears - Conference - Cat. I - Size 60/65+, packs of around 5-10 kg",Conference,60/65+,,,,,
NL,Netherlands,22/07/2024,28/07/2024,115.85,100KG,30,apples,Jonagold (ou Jonagored) - Cat. I - Cal . 70-80,Netherlands - apples - Jonagold (ou Jonagored) - Cat. I - Cal . 70-80,Jonagold (ou Jonagored),70-80,,,,,
PT,Portugal,22/07/2024,28/07/2024,74,100KG,30,apples,Golden delicious - Cat. I - Cal. 70-80,Portugal - apples - Golden delicious - Cat. I - Cal. 70-80,Golden delicious,70-80,,,,,
PT,Portugal,22/07/2024,28/07/2024,93,100KG,30,apples,Gala - Cat . I - Cal . 65-70,Portugal - apples - Gala - Cat . I - Cal . 65-70,Gala,65-70,,,,,
PT,Portugal,22/07/2024,28/07/2024,77,100KG,30,oranges,Valencia late - Cat. I - Cal. 2-4,Portugal - oranges - Valencia late - Cat. I - Cal. 2-4,Valencia late,2-4,,,,,
NL,Netherlands,15/07/2024,21/07/2024,131.65,100KG,29,pears,"Conference - Cat. I - Size 60/65+, packs of around 5-10 kg","Netherlands - pears - Conference - Cat. I - Size 60/65+, packs of around 5-10 kg",Conference,60/65+,,,,,
NL,Netherlands,15/07/2024,21/07/2024,113.32,100KG,29,apples,Jonagold (ou Jonagored) - Cat. I - Cal . 70-80,Netherlands - apples - Jonagold (ou Jonagored) - Cat. I - Cal . 70-80,Jonagold (ou Jonagored),70-80,,,,,
PT,Portugal,15/07/2024,21/07/2024,77,100KG,29,oranges,Valencia late - Cat. I - Cal. 2-4,Portugal - oranges - Valencia late - Cat. I - Cal. 2-4,Valencia late,2-4,,,,,
PT,Portugal,15/07/2024,21/07/2024,99,100KG,29,apples,Gala - Cat . I - Cal . 65-70,Portugal - apples - Gala - Cat . I - Cal . 65-70,Gala,65-70,,,,,
PT,Portugal,15/07/2024,21/07/2024,84,100KG,29,apples,Golden delicious - Cat. I - Cal. 70-80,Portugal - apples - Golden delicious - Cat. I - Cal. 70-80,Golden delicious,70-80,,,,,
PT,Portugal,15/07/2024,21/07/2024,30,100KG,29,apples,Red delicious (et autres rouges) - Cat. I - Cal. 70-80,Portugal - apples - Red delicious (et autres rouges) - Cat. I - Cal. 70-80,Red delicious (et autres rouges),70-80,,,,,
NL,Netherlands,8/7/2024,14/07/2024,133.38,100KG,28,pears,"Conference - Cat. I - Size 60/65+, packs of around 5-10 kg","Netherlands - pears - Conference - Cat. I - Size 60/65+, packs of around 5-10 kg",Conference,60/65+,,,,,
NL,Netherlands,8/7/2024,14/07/2024,116.58,100KG,28,apples,Jonagold (ou Jonagored) - Cat. I - Cal . 70-80,Netherlands - apples - Jonagold (ou Jonagored) - Cat. I - Cal . 70-80,Jonagold (ou Jonagored),70-80,,,,,
PT,Portugal,8/7/2024,14/07/2024,58,100KG,28,apples,Red delicious (et autres rouges) - Cat. I - Cal. 70-80,Portugal - apples - Red delicious (et autres rouges) - Cat. I - Cal. 70-80,Red delicious (et autres rouges),70-80,,,,,
PT,Portugal,8/7/2024,14/07/2024,91,100KG,28,apples,Golden delicious - Cat. I - Cal. 70-80,Portugal - apples - Golden delicious - Cat. I - Cal. 70-80,Golden delicious,70-80,,,,,
PT,Portugal,8/7/2024,14/07/2024,109,100KG,28,apples,Gala - Cat . I - Cal . 65-70,Portugal - apples - Gala - Cat . I - Cal . 65-70,Gala,65-70,,,,,
PT,Portugal,8/7/2024,14/07/2024,66,100KG,28,oranges,Valencia late - Cat. I - Cal. 2-4,Portugal - oranges - Valencia late - Cat. I - Cal. 2-4,Valencia late,2-4,,,,,
PT,Portugal,8/7/2024,14/07/2024,73,100KG,28,oranges,Lanelate - Cat. I - Cal. 2-4,Portugal - oranges - Lanelate - Cat. I - Cal. 2-4,Lanelate,2-4,,,,,
NL,Netherlands,1/7/2024,7/7/2024,109.89,100KG,27,apples,Jonagold (ou Jonagored) - Cat. I - Cal . 70-80,Netherlands - apples - Jonagold (ou Jonagored) - Cat. I - Cal . 70-80,Jonagold (ou Jonagored),70-80,,,,,
NL,Netherlands,1/7/2024,7/7/2024,125.18,100KG,27,pears,"Conference - Cat. I - Size 60/65+, packs of around 5-10 kg","Netherlands - pears - Conference - Cat. I - Size 60/65+, packs of around 5-10 kg",Conference,60/65+,,,,,
PT,Portugal,1/7/2024,7/7/2024,65,100KG,27,apples,Red delicious (et autres rouges) - Cat. I - Cal. 70-80,Portugal - apples - Red delicious (et autres rouges) - Cat. I - Cal. 70-80,Red delicious (et autres rouges),70-80,,,,,
PT,Portugal,1/7/2024,7/7/2024,92,100KG,27,apples,Golden delicious - Cat. I - Cal. 70-80,Portugal - apples - Golden delicious - Cat. I - Cal. 70-80,Golden delicious,70-80,,,,,
PT,Portugal,1/7/2024,7/7/2024,104,100KG,27,apples,Gala - Cat . I - Cal . 65-70,Portugal - apples - Gala - Cat . I - Cal . 65-70,Gala,65-70,,,,,
PT,Portugal,1/7/2024,7/7/2024,67,100KG,27,oranges,Valencia late - Cat. I - Cal. 2-4,Portugal - oranges - Valencia late - Cat. I - Cal. 2-4,Valencia late,2-4,,,,,
PT,Portugal,1/7/2024,7/7/2024,66,100KG,27,oranges,Lanelate - Cat. I - Cal. 2-4,Portugal - oranges - Lanelate - Cat. I - Cal. 2-4,Lanelate,2-4,,,,,
NL,Netherlands,24/06/2024,30/06/2024,136.5,100KG,26,pears,"Conference - Cat. I - Size 60/65+, packs of around 5-10 kg","Netherlands - pears - Conference - Cat. I - Size 60/65+, packs of around 5-10 kg",Conference,60/65+,,,,,
NL,Netherlands,24/06/2024,30/06/2024,93.27,100KG,26,apples,Jonagold (ou Jonagored) - Cat. I - Cal . 70-80,Netherlands - apples - Jonagold (ou Jonagored) - Cat. I - Cal . 70-80,Jonagold (ou Jonagored),70-80,,,,,
PT,Portugal,24/06/2024,30/06/2024,71,100KG,26,apples,Red delicious (et autres rouges) - Cat. I - Cal. 70-80,Portugal - apples - Red delicious (et autres rouges) - Cat. I - Cal. 70-80,Red delicious (et autres rouges),70-80,,,,,
PT,Portugal,24/06/2024,30/06/2024,92,100KG,26,apples,Golden delicious - Cat. I - Cal. 70-80,Portugal - apples - Golden delicious - Cat. I - Cal. 70-80,Golden delicious,70-80,,,,,
PT,Portugal,24/06/2024,30/06/2024,101,100KG,26,apples,Gala - Cat . I - Cal . 65-70,Portugal - apples - Gala - Cat . I - Cal . 65-70,Gala,65-70,,,,,
PT,Portugal,24/06/2024,30/06/2024,118,100KG,26,apples,Fuji - Cat. I - Cal. 70-80,Portugal - apples - Fuji - Cat. I - Cal. 70-80,Fuji,70-80,,,,,
PT,Portugal,24/06/2024,30/06/2024,74,100KG,26,oranges,Lanelate - Cat. I - Cal. 2-4,Portugal - oranges - Lanelate - Cat. I - Cal. 2-4,Lanelate,2-4,,,,,
PT,Portugal,24/06/2024,30/06/2024,67,100KG,26,oranges,Valencia late - Cat. I - Cal. 2-4,Portugal - oranges - Valencia late - Cat. I - Cal. 2-4,Valencia late,2-4,,,,,
NL,Netherlands,17/06/2024,23/06/2024,129.15,100KG,25,pears,"Conference - Cat. I - Size 60/65+, packs of around 5-10 kg","Netherlands - pears - Conference - Cat. I - Size 60/65+, packs of around 5-10 kg",Conference,60/65+,,,,,
NL,Netherlands,17/06/2024,23/06/2024,138,100KG,25,apples,Elstar - Cat. I - Cal. 65-70,Netherlands - apples - Elstar - Cat. I - Cal. 65-70,Elstar,65-70,,,,,
NL,Netherlands,17/06/2024,23/06/2024,104.94,100KG,25,apples,Jonagold (ou Jonagored) - Cat. I - Cal . 70-80,Netherlands - apples - Jonagold (ou Jonagored) - Cat. I - Cal . 70-80,Jonagold (ou Jonagored),70-80,,,,,
PT,Portugal,17/06/2024,23/06/2024,72,100KG,25,apples,Red delicious (et autres rouges) - Cat. I - Cal. 70-80,Portugal - apples - Red delicious (et autres rouges) - Cat. I - Cal. 70-80,Red delicious (et autres rouges),70-80,,,,,
PT,Portugal,17/06/2024,23/06/2024,91,100KG,25,apples,Golden delicious - Cat. I - Cal. 70-80,Portugal - apples - Golden delicious - Cat. I - Cal. 70-80,Golden delicious,70-80,,,,,
PT,Portugal,17/06/2024,23/06/2024,101,100KG,25,apples,Gala - Cat . I - Cal . 65-70,Portugal - apples - Gala - Cat . I - Cal . 65-70,Gala,65-70,,,,,
PT,Portugal,17/06/2024,23/06/2024,67,100KG,25,oranges,Valencia late - Cat. I - Cal. 2-4,Portugal - oranges - Valencia late - Cat. I - Cal. 2-4,Valencia late,2-4,,,,,
PT,Portugal,17/06/2024,23/06/2024,74,100KG,25,oranges,Lanelate - Cat. I - Cal. 2-4,Portugal - oranges - Lanelate - Cat. I - Cal. 2-4,Lanelate,2-4,,,,,
PT,Portugal,17/06/2024,23/06/2024,118,100KG,25,apples,Fuji - Cat. I - Cal. 70-80,Portugal - apples - Fuji - Cat. I - Cal. 70-80,Fuji,70-80,,,,,
NL,Netherlands,10/6/2024,16/06/2024,154.8,100KG,24,apples,Elstar - Cat. I - Cal. 65-70,Netherlands - apples - Elstar - Cat. I - Cal. 65-70,Elstar,65-70,,,,,
NL,Netherlands,10/6/2024,16/06/2024,137.66,100KG,24,pears,"Conference - Cat. I - Size 60/65+, packs of around 5-10 kg","Netherlands - pears - Conference - Cat. I - Size 60/65+, packs of around 5-10 kg",Conference,60/65+,,,,,
NL,Netherlands,10/6/2024,16/06/2024,106.19,100KG,24,apples,Jonagold (ou Jonagored) - Cat. I - Cal . 70-80,Netherlands - apples - Jonagold (ou Jonagored) - Cat. I - Cal . 70-80,Jonagold (ou Jonagored),70-80,,,,,
PT,Portugal,10/6/2024,16/06/2024,165,100KG,24,pears,"Rocha - Cat. I - Size 65+/75+, packs of around 5-10 kg","Portugal - pears - Rocha - Cat. I - Size 65+/75+, packs of around 5-10 kg",Rocha,65+/75+,,,,,
PT,Portugal,10/6/2024,16/06/2024,72,100KG,24,apples,Red delicious (et autres rouges) - Cat. I - Cal. 70-80,Portugal - apples - Red delicious (et autres rouges) - Cat. I - Cal. 70-80,Red delicious (et autres rouges),70-80,,,,,
PT,Portugal,10/6/2024,16/06/2024,91,100KG,24,apples,Golden delicious - Cat. I - Cal. 70-80,Portugal - apples - Golden delicious - Cat. I - Cal. 70-80,Golden delicious,70-80,,,,,
PT,Portugal,10/6/2024,16/06/2024,101,100KG,24,apples,Gala - Cat . I - Cal . 65-70,Portugal - apples - Gala - Cat . I - Cal . 65-70,Gala,65-70,,,,,
PT,Portugal,10/6/2024,16/06/2024,118,100KG,24,apples,Fuji - Cat. I - Cal. 70-80,Portugal - apples - Fuji - Cat. I - Cal. 70-80,Fuji,70-80,,,,,
PT,Portugal,10/6/2024,16/06/2024,68,100KG,24,oranges,Valencia late - Cat. I - Cal. 2-4,Portugal - oranges - Valencia late - Cat. I - Cal. 2-4,Valencia late,2-4,,,,,
PT,Portugal,10/6/2024,16/06/2024,74,100KG,24,oranges,Lanelate - Cat. I - Cal. 2-4,Portugal - oranges - Lanelate - Cat. I - Cal. 2-4,Lanelate,2-4,,,,,
NL,Netherlands,3/6/2024,9/6/2024,137.71,100KG,23,pears,"Conference - Cat. I - Size 60/65+, packs of around 5-10 kg","Netherlands - pears - Conference - Cat. I - Size 60/65+, packs of around 5-10 kg",Conference,60/65+,,,,,
NL,Netherlands,3/6/2024,9/6/2024,155.25,100KG,23,apples,Elstar - Cat. I - Cal. 65-70,Netherlands - apples - Elstar - Cat. I - Cal. 65-70,Elstar,65-70,,,,,
NL,Netherlands,3/6/2024,9/6/2024,111.16,100KG,23,apples,Jonagold (ou Jonagored) - Cat. I - Cal . 70-80,Netherlands - apples - Jonagold (ou Jonagored) - Cat. I - Cal . 70-80,Jonagold (ou Jonagored),70-80,,,,,
PT,Portugal,3/6/2024,9/6/2024,178,100KG,23,pears,"Rocha - Cat. I - Size 65+/75+, packs of around 5-10 kg","Portugal - pears - Rocha - Cat. I - Size 65+/75+, packs of around 5-10 kg",Rocha,65+/75+,,,,,
PT,Portugal,3/6/2024,9/6/2024,72,100KG,23,apples,Red delicious (et autres rouges) - Cat. I - Cal. 70-80,Portugal - apples - Red delicious (et autres rouges) - Cat. I - Cal. 70-80,Red delicious (et autres rouges),70-80,,,,,
PT,Portugal,3/6/2024,9/6/2024,90,100KG,23,apples,Golden delicious - Cat. I - Cal. 70-80,Portugal - apples - Golden delicious - Cat. I - Cal. 70-80,Golden delicious,70-80,,,,,
PT,Portugal,3/6/2024,9/6/2024,99,100KG,23,apples,Gala - Cat . I - Cal . 65-70,Portugal - apples - Gala - Cat . I - Cal . 65-70,Gala,65-70,,,,,
PT,Portugal,3/6/2024,9/6/2024,118,100KG,23,apples,Fuji - Cat. I - Cal. 70-80,Portugal - apples - Fuji - Cat. I - Cal. 70-80,Fuji,70-80,,,,,
PT,Portugal,3/6/2024,9/6/2024,78,100KG,23,oranges,Valencia late - Cat. I - Cal. 2-4,Portugal - oranges - Valencia late - Cat. I - Cal. 2-4,Valencia late,2-4,,,,,
PT,Portugal,3/6/2024,9/6/2024,75,100KG,23,oranges,Lanelate - Cat. I - Cal. 2-4,Portugal - oranges - Lanelate - Cat. I - Cal. 2-4,Lanelate,2-4,,,,,
FR,France,27/05/2024,2/6/2024,135,100KG,22,apples,Golden delicious - Cat. I - Cal. 70-80,France - apples - Golden delicious - Cat. I - Cal. 70-80,Golden delicious,70-80,,,,,
FR,France,27/05/2024,2/6/2024,143,100KG,22,apples,Gala - Cat . I - Cal . 65-70,France - apples - Gala - Cat . I - Cal . 65-70,Gala,65-70,,,,,
NL,Netherlands,27/05/2024,2/6/2024,130.1,100KG,22,pears,"Conference - Cat. I - Size 60/65+, packs of around 5-10 kg","Netherlands - pears - Conference - Cat. I - Size 60/65+, packs of around 5-10 kg",Conference,60/65+,,,,,
NL,Netherlands,27/05/2024,2/6/2024,105.07,100KG,22,apples,Jonagold (ou Jonagored) - Cat. I - Cal . 70-80,Netherlands - apples - Jonagold (ou Jonagored) - Cat. I - Cal . 70-80,Jonagold (ou Jonagored),70-80,,,,,
NL,Netherlands,27/05/2024,2/6/2024,139.74,100KG,22,apples,Elstar - Cat. I - Cal. 65-70,Netherlands - apples - Elstar - Cat. I - Cal. 65-70,Elstar,65-70,,,,,
PT,Portugal,27/05/2024,2/6/2024,175,100KG,22,pears,"Rocha - Cat. I - Size 65+/75+, packs of around 5-10 kg","Portugal - pears - Rocha - Cat. I - Size 65+/75+, packs of around 5-10 kg",Rocha,65+/75+,,,,,
PT,Portugal,27/05/2024,2/6/2024,72,100KG,22,apples,Red delicious (et autres rouges) - Cat. I - Cal. 70-80,Portugal - apples - Red delicious (et autres rouges) - Cat. I - Cal. 70-80,Red delicious (et autres rouges),70-80,,,,,
PT,Portugal,27/05/2024,2/6/2024,89,100KG,22,apples,Golden delicious - Cat. I - Cal. 70-80,Portugal - apples - Golden delicious - Cat. I - Cal. 70-80,Golden delicious,70-80,,,,,
PT,Portugal,27/05/2024,2/6/2024,99,100KG,22,apples,Gala - Cat . I - Cal . 65-70,Portugal - apples - Gala - Cat . I - Cal . 65-70,Gala,65-70,,,,,
PT,Portugal,27/05/2024,2/6/2024,118,100KG,22,apples,Fuji - Cat. I - Cal. 70-80,Portugal - apples - Fuji - Cat. I - Cal. 70-80,Fuji,70-80,,,,,
PT,Portugal,27/05/2024,2/6/2024,74,100KG,22,oranges,Lanelate - Cat. I - Cal. 2-4,Portugal - oranges - Lanelate - Cat. I - Cal. 2-4,Lanelate,2-4,,,,,
FR,France,20/05/2024,26/05/2024,137,100KG,21,apples,Golden delicious - Cat. I - Cal. 70-80,France - apples - Golden delicious - Cat. I - Cal. 70-80,Golden delicious,70-80,,,,,
FR,France,20/05/2024,26/05/2024,140,100KG,21,apples,Gala - Cat . I - Cal . 65-70,France - apples - Gala - Cat . I - Cal . 65-70,Gala,65-70,,,,,
NL,Netherlands,20/05/2024,26/05/2024,135.87,100KG,21,pears,"Conference - Cat. I - Size 60/65+, packs of around 5-10 kg","Netherlands - pears - Conference - Cat. I - Size 60/65+, packs of around 5-10 kg",Conference,60/65+,,,,,
NL,Netherlands,20/05/2024,26/05/2024,109.32,100KG,21,apples,Jonagold (ou Jonagored) - Cat. I - Cal . 70-80,Netherlands - apples - Jonagold (ou Jonagored) - Cat. I - Cal . 70-80,Jonagold (ou Jonagored),70-80,,,,,
NL,Netherlands,20/05/2024,26/05/2024,158.96,100KG,21,apples,Elstar - Cat. I - Cal. 65-70,Netherlands - apples - Elstar - Cat. I - Cal. 65-70,Elstar,65-70,,,,,
PT,Portugal,20/05/2024,26/05/2024,174,100KG,21,pears,"Rocha - Cat. I - Size 65+/75+, packs of around 5-10 kg","Portugal - pears - Rocha - Cat. I - Size 65+/75+, packs of around 5-10 kg",Rocha,65+/75+,,,,,
PT,Portugal,20/05/2024,26/05/2024,73,100KG,21,apples,Red delicious (et autres rouges) - Cat. I - Cal. 70-80,Portugal - apples - Red delicious (et autres rouges) - Cat. I - Cal. 70-80,Red delicious (et autres rouges),70-80,,,,,
PT,Portugal,20/05/2024,26/05/2024,80,100KG,21,apples,Jonagold (ou Jonagored) - Cat. I - Cal . 70-80,Portugal - apples - Jonagold (ou Jonagored) - Cat. I - Cal . 70-80,Jonagold (ou Jonagored),70-80,,,,,
PT,Portugal,20/05/2024,26/05/2024,88,100KG,21,apples,Golden delicious - Cat. I - Cal. 70-80,Portugal - apples - Golden delicious - Cat. I - Cal. 70-80,Golden delicious,70-80,,,,,
PT,Portugal,20/05/2024,26/05/2024,98,100KG,21,apples,Gala - Cat . I - Cal . 65-70,Portugal - apples - Gala - Cat . I - Cal . 65-70,Gala,65-70,,,,,
PT,Portugal,20/05/2024,26/05/2024,113,100KG,21,apples,Fuji - Cat. I - Cal. 70-80,Portugal - apples - Fuji - Cat. I - Cal. 70-80,Fuji,70-80,,,,,
PT,Portugal,20/05/2024,26/05/2024,74,100KG,21,oranges,Lanelate - Cat. I - Cal. 2-4,Portugal - oranges - Lanelate - Cat. I - Cal. 2-4,Lanelate,2-4,,,,,
FR,France,13/05/2024,19/05/2024,136,100KG,20,apples,Gala - Cat . I - Cal . 65-70,France - apples - Gala - Cat . I - Cal . 65-70,Gala,65-70,,,,,
FR,France,13/05/2024,19/05/2024,134,100KG,20,apples,Golden delicious - Cat. I - Cal. 70-80,France - apples - Golden delicious - Cat. I - Cal. 70-80,Golden delicious,70-80,,,,,
FR,France,13/05/2024,19/05/2024,139,100KG,20,apples,Granny smith - Cat. I - Cal. 70-80,France - apples - Granny smith - Cat. I - Cal. 70-80,Granny smith,70-80,,,,,
NL,Netherlands,13/05/2024,19/05/2024,104.19,100KG,20,apples,Jonagold (ou Jonagored) - Cat. I - Cal . 70-80,Netherlands - apples - Jonagold (ou Jonagored) - Cat. I - Cal . 70-80,Jonagold (ou Jonagored),70-80,,,,,
NL,Netherlands,13/05/2024,19/05/2024,154.8,100KG,20,apples,Elstar - Cat. I - Cal. 65-70,Netherlands - apples - Elstar - Cat. I - Cal. 65-70,Elstar,65-70,,,,,
NL,Netherlands,13/05/2024,19/05/2024,140.43,100KG,20,pears,"Conference - Cat. I - Size 60/65+, packs of around 5-10 kg","Netherlands - pears - Conference - Cat. I - Size 60/65+, packs of around 5-10 kg",Conference,60/65+,,,,,
PT,Portugal,13/05/2024,19/05/2024,74,100KG,20,oranges,Lanelate - Cat. I - Cal. 2-4,Portugal - oranges - Lanelate - Cat. I - Cal. 2-4,Lanelate,2-4,,,,,
PT,Portugal,13/05/2024,19/05/2024,174,100KG,20,pears,"Rocha - Cat. I - Size 65+/75+, packs of around 5-10 kg","Portugal - pears - Rocha - Cat. I - Size 65+/75+, packs of around 5-10 kg",Rocha,65+/75+,,,,,
PT,Portugal,13/05/2024,19/05/2024,72,100KG,20,apples,Red delicious (et autres rouges) - Cat. I - Cal. 70-80,Portugal - apples - Red delicious (et autres rouges) - Cat. I - Cal. 70-80,Red delicious (et autres rouges),70-80,,,,,
PT,Portugal,13/05/2024,19/05/2024,80,100KG,20,apples,Jonagold (ou Jonagored) - Cat. I - Cal . 70-80,Portugal - apples - Jonagold (ou Jonagored) - Cat. I - Cal . 70-80,Jonagold (ou Jonagored),70-80,,,,,
PT,Portugal,13/05/2024,19/05/2024,88,100KG,20,apples,Golden delicious - Cat. I - Cal. 70-80,Portugal - apples - Golden delicious - Cat. I - Cal. 70-80,Golden delicious,70-80,,,,,
PT,Portugal,13/05/2024,19/05/2024,113,100KG,20,apples,Fuji - Cat. I - Cal. 70-80,Portugal - apples - Fuji - Cat. I - Cal. 70-80,Fuji,70-80,,,,,
PT,Portugal,13/05/2024,19/05/2024,97,100KG,20,apples,Gala - Cat . I - Cal . 65-70,Portugal - apples - Gala - Cat . I - Cal . 65-70,Gala,65-70,,,,,
FR,France,6/5/2024,12/5/2024,141,100KG,19,apples,Granny smith - Cat. I - Cal. 70-80,France - apples - Granny smith - Cat. I - Cal. 70-80,Granny smith,70-80,,,,,
FR,France,6/5/2024,12/5/2024,133,100KG,19,apples,Golden delicious - Cat. I - Cal. 70-80,France - apples - Golden delicious - Cat. I - Cal. 70-80,Golden delicious,70-80,,,,,
FR,France,6/5/2024,12/5/2024,133,100KG,19,apples,Gala - Cat . I - Cal . 65-70,France - apples - Gala - Cat . I - Cal . 65-70,Gala,65-70,,,,,
NL,Netherlands,6/5/2024,12/5/2024,105.18,100KG,19,apples,Jonagold (ou Jonagored) - Cat. I - Cal . 70-80,Netherlands - apples - Jonagold (ou Jonagored) - Cat. I - Cal . 70-80,Jonagold (ou Jonagored),70-80,,,,,
NL,Netherlands,6/5/2024,12/5/2024,107.16,100KG,19,apples,Elstar - Cat. I - Cal. 65-70,Netherlands - apples - Elstar - Cat. I - Cal. 65-70,Elstar,65-70,,,,,
NL,Netherlands,6/5/2024,12/5/2024,139.61,100KG,19,pears,"Conference - Cat. I - Size 60/65+, packs of around 5-10 kg","Netherlands - pears - Conference - Cat. I - Size 60/65+, packs of around 5-10 kg",Conference,60/65+,,,,,
PT,Portugal,6/5/2024,12/5/2024,74,100KG,19,oranges,Lanelate - Cat. I - Cal. 2-4,Portugal - oranges - Lanelate - Cat. I - Cal. 2-4,Lanelate,2-4,,,,,
PT,Portugal,6/5/2024,12/5/2024,116,100KG,19,apples,Fuji - Cat. I - Cal. 70-80,Portugal - apples - Fuji - Cat. I - Cal. 70-80,Fuji,70-80,,,,,
PT,Portugal,6/5/2024,12/5/2024,97,100KG,19,apples,Gala - Cat . I - Cal . 65-70,Portugal - apples - Gala - Cat . I - Cal . 65-70,Gala,65-70,,,,,
PT,Portugal,6/5/2024,12/5/2024,87,100KG,19,apples,Golden delicious - Cat. I - Cal. 70-80,Portugal - apples - Golden delicious - Cat. I - Cal. 70-80,Golden delicious,70-80,,,,,
PT,Portugal,6/5/2024,12/5/2024,80,100KG,19,apples,Jonagold (ou Jonagored) - Cat. I - Cal . 70-80,Portugal - apples - Jonagold (ou Jonagored) - Cat. I - Cal . 70-80,Jonagold (ou Jonagored),70-80,,,,,
PT,Portugal,6/5/2024,12/5/2024,71,100KG,19,apples,Red delicious (et autres rouges) - Cat. I - Cal. 70-80,Portugal - apples - Red delicious (et autres rouges) - Cat. I - Cal. 70-80,Red delicious (et autres rouges),70-80,,,,,
PT,Portugal,6/5/2024,12/5/2024,182,100KG,19,pears,"Rocha - Cat. I - Size 65+/75+, packs of around 5-10 kg","Portugal - pears - Rocha - Cat. I - Size 65+/75+, packs of around 5-10 kg",Rocha,65+/75+,,,,,
FR,France,29/04/2024,5/5/2024,141,100KG,18,apples,Granny smith - Cat. I - Cal. 70-80,France - apples - Granny smith - Cat. I - Cal. 70-80,Granny smith,70-80,,,,,
FR,France,29/04/2024,5/5/2024,130,100KG,18,apples,Gala - Cat . I - Cal . 65-70,France - apples - Gala - Cat . I - Cal . 65-70,Gala,65-70,,,,,
FR,France,29/04/2024,5/5/2024,131,100KG,18,apples,Golden delicious - Cat. I - Cal. 70-80,France - apples - Golden delicious - Cat. I - Cal. 70-80,Golden delicious,70-80,,,,,
NL,Netherlands,29/04/2024,5/5/2024,144.67,100KG,18,pears,"Conference - Cat. I - Size 60/65+, packs of around 5-10 kg","Netherlands - pears - Conference - Cat. I - Size 60/65+, packs of around 5-10 kg",Conference,60/65+,,,,,
NL,Netherlands,29/04/2024,5/5/2024,134,100KG,18,apples,Elstar - Cat. I - Cal. 65-70,Netherlands - apples - Elstar - Cat. I - Cal. 65-70,Elstar,65-70,,,,,
NL,Netherlands,29/04/2024,5/5/2024,107.24,100KG,18,apples,Jonagold (ou Jonagored) - Cat. I - Cal . 70-80,Netherlands - apples - Jonagold (ou Jonagored) - Cat. I - Cal . 70-80,Jonagold (ou Jonagored),70-80,,,,,
PT,Portugal,29/04/2024,5/5/2024,97,100KG,18,apples,Gala - Cat . I - Cal . 65-70,Portugal - apples - Gala - Cat . I - Cal . 65-70,Gala,65-70,,,,,
PT,Portugal,29/04/2024,5/5/2024,87,100KG,18,apples,Golden delicious - Cat. I - Cal. 70-80,Portugal - apples - Golden delicious - Cat. I - Cal. 70-80,Golden delicious,70-80,,,,,
PT,Portugal,29/04/2024,5/5/2024,80,100KG,18,apples,Jonagold (ou Jonagored) - Cat. I - Cal . 70-80,Portugal - apples - Jonagold (ou Jonagored) - Cat. I - Cal . 70-80,Jonagold (ou Jonagored),70-80,,,,,
PT,Portugal,29/04/2024,5/5/2024,70,100KG,18,apples,Red delicious (et autres rouges) - Cat. I - Cal. 70-80,Portugal - apples - Red delicious (et autres rouges) - Cat. I - Cal. 70-80,Red delicious (et autres rouges),70-80,,,,,
PT,Portugal,29/04/2024,5/5/2024,157,100KG,18,pears,"Rocha - Cat. I - Size 65+/75+, packs of around 5-10 kg","Portugal - pears - Rocha - Cat. I - Size 65+/75+, packs of around 5-10 kg",Rocha,65+/75+,,,,,
PT,Portugal,29/04/2024,5/5/2024,74,100KG,18,oranges,Lanelate - Cat. I - Cal. 2-4,Portugal - oranges - Lanelate - Cat. I - Cal. 2-4,Lanelate,2-4,,,,,
PT,Portugal,29/04/2024,5/5/2024,116,100KG,18,apples,Fuji - Cat. I - Cal. 70-80,Portugal - apples - Fuji - Cat. I - Cal. 70-80,Fuji,70-80,,,,,
FR,France,22/04/2024,28/04/2024,137,100KG,17,apples,Elstar - Cat. I - Cal. 65-70,France - apples - Elstar - Cat. I - Cal. 65-70,Elstar,65-70,,,,,
FR,France,22/04/2024,28/04/2024,140,100KG,17,apples,Granny smith - Cat. I - Cal. 70-80,France - apples - Granny smith - Cat. I - Cal. 70-80,Granny smith,70-80,,,,,
FR,France,22/04/2024,28/04/2024,131,100KG,17,apples,Golden delicious - Cat. I - Cal. 70-80,France - apples - Golden delicious - Cat. I - Cal. 70-80,Golden delicious,70-80,,,,,
FR,France,22/04/2024,28/04/2024,128,100KG,17,apples,Gala - Cat . I - Cal . 65-70,France - apples - Gala - Cat . I - Cal . 65-70,Gala,65-70,,,,,
NL,Netherlands,22/04/2024,28/04/2024,143.74,100KG,17,pears,"Conference - Cat. I - Size 60/65+, packs of around 5-10 kg","Netherlands - pears - Conference - Cat. I - Size 60/65+, packs of around 5-10 kg",Conference,60/65+,,,,,
NL,Netherlands,22/04/2024,28/04/2024,139.2,100KG,17,apples,Elstar - Cat. I - Cal. 65-70,Netherlands - apples - Elstar - Cat. I - Cal. 65-70,Elstar,65-70,,,,,
NL,Netherlands,22/04/2024,28/04/2024,103.62,100KG,17,apples,Jonagold (ou Jonagored) - Cat. I - Cal . 70-80,Netherlands - apples - Jonagold (ou Jonagored) - Cat. I - Cal . 70-80,Jonagold (ou Jonagored),70-80,,,,,
PT,Portugal,22/04/2024,28/04/2024,98,100KG,17,apples,Gala - Cat . I - Cal . 65-70,Portugal - apples - Gala - Cat . I - Cal . 65-70,Gala,65-70,,,,,
PT,Portugal,22/04/2024,28/04/2024,116,100KG,17,apples,Fuji - Cat. I - Cal. 70-80,Portugal - apples - Fuji - Cat. I - Cal. 70-80,Fuji,70-80,,,,,
PT,Portugal,22/04/2024,28/04/2024,74,100KG,17,oranges,Lanelate - Cat. I - Cal. 2-4,Portugal - oranges - Lanelate - Cat. I - Cal. 2-4,Lanelate,2-4,,,,,
PT,Portugal,22/04/2024,28/04/2024,162,100KG,17,pears,"Rocha - Cat. I - Size 65+/75+, packs of around 5-10 kg","Portugal - pears - Rocha - Cat. I - Size 65+/75+, packs of around 5-10 kg",Rocha,65+/75+,,,,,
PT,Portugal,22/04/2024,28/04/2024,73,100KG,17,apples,Red delicious (et autres rouges) - Cat. I - Cal. 70-80,Portugal - apples - Red delicious (et autres rouges) - Cat. I - Cal. 70-80,Red delicious (et autres rouges),70-80,,,,,
PT,Portugal,22/04/2024,28/04/2024,87,100KG,17,apples,Golden delicious - Cat. I - Cal. 70-80,Portugal - apples - Golden delicious - Cat. I - Cal. 70-80,Golden delicious,70-80,,,,,
PT,Portugal,22/04/2024,28/04/2024,80,100KG,17,apples,Jonagold (ou Jonagored) - Cat. I - Cal . 70-80,Portugal - apples - Jonagold (ou Jonagored) - Cat. I - Cal . 70-80,Jonagold (ou Jonagored),70-80,,,,,
FR,France,15/04/2024,21/04/2024,137,100KG,16,apples,Elstar - Cat. I - Cal. 65-70,France - apples - Elstar - Cat. I - Cal. 65-70,Elstar,65-70,,,,,
FR,France,15/04/2024,21/04/2024,140,100KG,16,apples,Granny smith - Cat. I - Cal. 70-80,France - apples - Granny smith - Cat. I - Cal. 70-80,Granny smith,70-80,,,,,
FR,France,15/04/2024,21/04/2024,131,100KG,16,apples,Golden delicious - Cat. I - Cal. 70-80,France - apples - Golden delicious - Cat. I - Cal. 70-80,Golden delicious,70-80,,,,,
FR,France,15/04/2024,21/04/2024,126,100KG,16,apples,Gala - Cat . I - Cal . 65-70,France - apples - Gala - Cat . I - Cal . 65-70,Gala,65-70,,,,,
NL,Netherlands,15/04/2024,21/04/2024,136.23,100KG,16,pears,"Conference - Cat. I - Size 60/65+, packs of around 5-10 kg","Netherlands - pears - Conference - Cat. I - Size 60/65+, packs of around 5-10 kg",Conference,60/65+,,,,,
NL,Netherlands,15/04/2024,21/04/2024,104.19,100KG,16,apples,Elstar - Cat. I - Cal. 65-70,Netherlands - apples - Elstar - Cat. I - Cal. 65-70,Elstar,65-70,,,,,
NL,Netherlands,15/04/2024,21/04/2024,107.08,100KG,16,apples,Jonagold (ou Jonagored) - Cat. I - Cal . 70-80,Netherlands - apples - Jonagold (ou Jonagored) - Cat. I - Cal . 70-80,Jonagold (ou Jonagored),70-80,,,,,
PT,Portugal,15/04/2024,21/04/2024,97,100KG,16,apples,Gala - Cat . I - Cal . 65-70,Portugal - apples - Gala - Cat . I - Cal . 65-70,Gala,65-70,,,,,
PT,Portugal,15/04/2024,21/04/2024,116,100KG,16,apples,Fuji - Cat. I - Cal. 70-80,Portugal - apples - Fuji - Cat. I - Cal. 70-80,Fuji,70-80,,,,,
PT,Portugal,15/04/2024,21/04/2024,74,100KG,16,oranges,Lanelate - Cat. I - Cal. 2-4,Portugal - oranges - Lanelate - Cat. I - Cal. 2-4,Lanelate,2-4,,,,,
PT,Portugal,15/04/2024,21/04/2024,167,100KG,16,pears,"Rocha - Cat. I - Size 65+/75+, packs of around 5-10 kg","Portugal - pears - Rocha - Cat. I - Size 65+/75+, packs of around 5-10 kg",Rocha,65+/75+,,,,,
PT,Portugal,15/04/2024,21/04/2024,78,100KG,16,apples,Red delicious (et autres rouges) - Cat. I - Cal. 70-80,Portugal - apples - Red delicious (et autres rouges) - Cat. I - Cal. 70-80,Red delicious (et autres rouges),70-80,,,,,
PT,Portugal,15/04/2024,21/04/2024,88,100KG,16,apples,Golden delicious - Cat. I - Cal. 70-80,Portugal - apples - Golden delicious - Cat. I - Cal. 70-80,Golden delicious,70-80,,,,,
PT,Portugal,15/04/2024,21/04/2024,80,100KG,16,apples,Jonagold (ou Jonagored) - Cat. I - Cal . 70-80,Portugal - apples - Jonagold (ou Jonagored) - Cat. I - Cal . 70-80,Jonagold (ou Jonagored),70-80,,,,,
FR,France,8/4/2024,14/04/2024,135,100KG,15,apples,Elstar - Cat. I - Cal. 65-70,France - apples - Elstar - Cat. I - Cal. 65-70,Elstar,65-70,,,,,
FR,France,8/4/2024,14/04/2024,140,100KG,15,apples,Granny smith - Cat. I - Cal. 70-80,France - apples - Granny smith - Cat. I - Cal. 70-80,Granny smith,70-80,,,,,
FR,France,8/4/2024,14/04/2024,131,100KG,15,apples,Golden delicious - Cat. I - Cal. 70-80,France - apples - Golden delicious - Cat. I - Cal. 70-80,Golden delicious,70-80,,,,,
FR,France,8/4/2024,14/04/2024,126,100KG,15,apples,Gala - Cat . I - Cal . 65-70,France - apples - Gala - Cat . I - Cal . 65-70,Gala,65-70,,,,,
NL,Netherlands,8/4/2024,14/04/2024,138.8,100KG,15,pears,"Conference - Cat. I - Size 60/65+, packs of around 5-10 kg","Netherlands - pears - Conference - Cat. I - Size 60/65+, packs of around 5-10 kg",Conference,60/65+,,,,,
NL,Netherlands,8/4/2024,14/04/2024,110.4,100KG,15,apples,Elstar - Cat. I - Cal. 65-70,Netherlands - apples - Elstar - Cat. I - Cal. 65-70,Elstar,65-70,,,,,
NL,Netherlands,8/4/2024,14/04/2024,111.81,100KG,15,apples,Jonagold (ou Jonagored) - Cat. I - Cal . 70-80,Netherlands - apples - Jonagold (ou Jonagored) - Cat. I - Cal . 70-80,Jonagold (ou Jonagored),70-80,,,,,
PT,Portugal,8/4/2024,14/04/2024,98,100KG,15,apples,Gala - Cat . I - Cal . 65-70,Portugal - apples - Gala - Cat . I - Cal . 65-70,Gala,65-70,,,,,
PT,Portugal,8/4/2024,14/04/2024,116,100KG,15,apples,Fuji - Cat. I - Cal. 70-80,Portugal - apples - Fuji - Cat. I - Cal. 70-80,Fuji,70-80,,,,,
PT,Portugal,8/4/2024,14/04/2024,70,100KG,15,oranges,Lanelate - Cat. I - Cal. 2-4,Portugal - oranges - Lanelate - Cat. I - Cal. 2-4,Lanelate,2-4,,,,,
PT,Portugal,8/4/2024,14/04/2024,167,100KG,15,pears,"Rocha - Cat. I - Size 65+/75+, packs of around 5-10 kg","Portugal - pears - Rocha - Cat. I - Size 65+/75+, packs of around 5-10 kg",Rocha,65+/75+,,,,,
PT,Portugal,8/4/2024,14/04/2024,79,100KG,15,apples,Red delicious (et autres rouges) - Cat. I - Cal. 70-80,Portugal - apples - Red delicious (et autres rouges) - Cat. I - Cal. 70-80,Red delicious (et autres rouges),70-80,,,,,
PT,Portugal,8/4/2024,14/04/2024,89,100KG,15,apples,Golden delicious - Cat. I - Cal. 70-80,Portugal - apples - Golden delicious - Cat. I - Cal. 70-80,Golden delicious,70-80,,,,,
PT,Portugal,8/4/2024,14/04/2024,80,100KG,15,apples,Jonagold (ou Jonagored) - Cat. I - Cal . 70-80,Portugal - apples - Jonagold (ou Jonagored) - Cat. I - Cal . 70-80,Jonagold (ou Jonagored),70-80,,,,,
FR,France,1/4/2024,7/4/2024,135,100KG,14,apples,Elstar - Cat. I - Cal. 65-70,France - apples - Elstar - Cat. I - Cal. 65-70,Elstar,65-70,,,,,
FR,France,1/4/2024,7/4/2024,138,100KG,14,apples,Granny smith - Cat. I - Cal. 70-80,France - apples - Granny smith - Cat. I - Cal. 70-80,Granny smith,70-80,,,,,
FR,France,1/4/2024,7/4/2024,131,100KG,14,apples,Golden delicious - Cat. I - Cal. 70-80,France - apples - Golden delicious - Cat. I - Cal. 70-80,Golden delicious,70-80,,,,,
FR,France,1/4/2024,7/4/2024,124,100KG,14,apples,Gala - Cat . I - Cal . 65-70,France - apples - Gala - Cat . I - Cal . 65-70,Gala,65-70,,,,,
NL,Netherlands,1/4/2024,7/4/2024,132.15,100KG,14,pears,"Conference - Cat. I - Size 60/65+, packs of around 5-10 kg","Netherlands - pears - Conference - Cat. I - Size 60/65+, packs of around 5-10 kg",Conference,60/65+,,,,,
NL,Netherlands,1/4/2024,7/4/2024,141.99,100KG,14,apples,Elstar - Cat. I - Cal. 65-70,Netherlands - apples - Elstar - Cat. I - Cal. 65-70,Elstar,65-70,,,,,
NL,Netherlands,1/4/2024,7/4/2024,106.77,100KG,14,apples,Jonagold (ou Jonagored) - Cat. I - Cal . 70-80,Netherlands - apples - Jonagold (ou Jonagored) - Cat. I - Cal . 70-80,Jonagold (ou Jonagored),70-80,,,,,
PT,Portugal,1/4/2024,7/4/2024,98,100KG,14,apples,Gala - Cat . I - Cal . 65-70,Portugal - apples - Gala - Cat . I - Cal . 65-70,Gala,65-70,,,,,
PT,Portugal,1/4/2024,7/4/2024,116,100KG,14,apples,Fuji - Cat. I - Cal. 70-80,Portugal - apples - Fuji - Cat. I - Cal. 70-80,Fuji,70-80,,,,,
PT,Portugal,1/4/2024,7/4/2024,70,100KG,14,oranges,Lanelate - Cat. I - Cal. 2-4,Portugal - oranges - Lanelate - Cat. I - Cal. 2-4,Lanelate,2-4,,,,,
PT,Portugal,1/4/2024,7/4/2024,167,100KG,14,pears,"Rocha - Cat. I - Size 65+/75+, packs of around 5-10 kg","Portugal - pears - Rocha - Cat. I - Size 65+/75+, packs of around 5-10 kg",Rocha,65+/75+,,,,,
PT,Portugal,1/4/2024,7/4/2024,77,100KG,14,apples,Red delicious (et autres rouges) - Cat. I - Cal. 70-80,Portugal - apples - Red delicious (et autres rouges) - Cat. I - Cal. 70-80,Red delicious (et autres rouges),70-80,,,,,
PT,Portugal,1/4/2024,7/4/2024,89,100KG,14,apples,Golden delicious - Cat. I - Cal. 70-80,Portugal - apples - Golden delicious - Cat. I - Cal. 70-80,Golden delicious,70-80,,,,,
PT,Portugal,1/4/2024,7/4/2024,80,100KG,14,apples,Jonagold (ou Jonagored) - Cat. I - Cal . 70-80,Portugal - apples - Jonagold (ou Jonagored) - Cat. I - Cal . 70-80,Jonagold (ou Jonagored),70-80,,,,,
FR,France,25/03/2024,31/03/2024,131,100KG,13,apples,Golden delicious - Cat. I - Cal. 70-80,France - apples - Golden delicious - Cat. I - Cal. 70-80,Golden delicious,70-80,,,,,
FR,France,25/03/2024,31/03/2024,123,100KG,13,apples,Gala - Cat . I - Cal . 65-70,France - apples - Gala - Cat . I - Cal . 65-70,Gala,65-70,,,,,
FR,France,25/03/2024,31/03/2024,135,100KG,13,apples,Elstar - Cat. I - Cal. 65-70,France - apples - Elstar - Cat. I - Cal. 65-70,Elstar,65-70,,,,,
FR,France,25/03/2024,31/03/2024,136,100KG,13,apples,Granny smith - Cat. I - Cal. 70-80,France - apples - Granny smith - Cat. I - Cal. 70-80,Granny smith,70-80,,,,,
NL,Netherlands,25/03/2024,31/03/2024,129.18,100KG,13,pears,"Conference - Cat. I - Size 60/65+, packs of around 5-10 kg","Netherlands - pears - Conference - Cat. I - Size 60/65+, packs of around 5-10 kg",Conference,60/65+,,,,,
NL,Netherlands,25/03/2024,31/03/2024,104.88,100KG,13,apples,Elstar - Cat. I - Cal. 65-70,Netherlands - apples - Elstar - Cat. I - Cal. 65-70,Elstar,65-70,,,,,
NL,Netherlands,25/03/2024,31/03/2024,105.52,100KG,13,apples,Jonagold (ou Jonagored) - Cat. I - Cal . 70-80,Netherlands - apples - Jonagold (ou Jonagored) - Cat. I - Cal . 70-80,Jonagold (ou Jonagored),70-80,,,,,
PT,Portugal,25/03/2024,31/03/2024,167,100KG,13,pears,"Rocha - Cat. I - Size 65+/75+, packs of around 5-10 kg","Portugal - pears - Rocha - Cat. I - Size 65+/75+, packs of around 5-10 kg",Rocha,65+/75+,,,,,
PT,Portugal,25/03/2024,31/03/2024,76,100KG,13,apples,Red delicious (et autres rouges) - Cat. I - Cal. 70-80,Portugal - apples - Red delicious (et autres rouges) - Cat. I - Cal. 70-80,Red delicious (et autres rouges),70-80,,,,,
PT,Portugal,25/03/2024,31/03/2024,80,100KG,13,apples,Jonagold (ou Jonagored) - Cat. I - Cal . 70-80,Portugal - apples - Jonagold (ou Jonagored) - Cat. I - Cal . 70-80,Jonagold (ou Jonagored),70-80,,,,,
PT,Portugal,25/03/2024,31/03/2024,88,100KG,13,apples,Golden delicious - Cat. I - Cal. 70-80,Portugal - apples - Golden delicious - Cat. I - Cal. 70-80,Golden delicious,70-80,,,,,
PT,Portugal,25/03/2024,31/03/2024,116,100KG,13,apples,Fuji - Cat. I - Cal. 70-80,Portugal - apples - Fuji - Cat. I - Cal. 70-80,Fuji,70-80,,,,,
PT,Portugal,25/03/2024,31/03/2024,70,100KG,13,oranges,Lanelate - Cat. I - Cal. 2-4,Portugal - oranges - Lanelate - Cat. I - Cal. 2-4,Lanelate,2-4,,,,,
PT,Portugal,25/03/2024,31/03/2024,98,100KG,13,apples,Gala - Cat . I - Cal . 65-70,Portugal - apples - Gala - Cat . I - Cal . 65-70,Gala,65-70,,,,,
FR,France,18/03/2024,24/03/2024,121,100KG,12,apples,Gala - Cat . I - Cal . 65-70,France - apples - Gala - Cat . I - Cal . 65-70,Gala,65-70,,,,,
FR,France,18/03/2024,24/03/2024,135,100KG,12,apples,Elstar - Cat. I - Cal. 65-70,France - apples - Elstar - Cat. I - Cal. 65-70,Elstar,65-70,,,,,
FR,France,18/03/2024,24/03/2024,136,100KG,12,apples,Granny smith - Cat. I - Cal. 70-80,France - apples - Granny smith - Cat. I - Cal. 70-80,Granny smith,70-80,,,,,
FR,France,18/03/2024,24/03/2024,132,100KG,12,apples,Golden delicious - Cat. I - Cal. 70-80,France - apples - Golden delicious - Cat. I - Cal. 70-80,Golden delicious,70-80,,,,,
NL,Netherlands,18/03/2024,24/03/2024,134.35,100KG,12,pears,"Conference - Cat. I - Size 60/65+, packs of around 5-10 kg","Netherlands - pears - Conference - Cat. I - Size 60/65+, packs of around 5-10 kg",Conference,60/65+,,,,,
NL,Netherlands,18/03/2024,24/03/2024,102.27,100KG,12,apples,Jonagold (ou Jonagored) - Cat. I - Cal . 70-80,Netherlands - apples - Jonagold (ou Jonagored) - Cat. I - Cal . 70-80,Jonagold (ou Jonagored),70-80,,,,,
PT,Portugal,18/03/2024,24/03/2024,164,100KG,12,pears,"Rocha - Cat. I - Size 65+/75+, packs of around 5-10 kg","Portugal - pears - Rocha - Cat. I - Size 65+/75+, packs of around 5-10 kg",Rocha,65+/75+,,,,,
PT,Portugal,18/03/2024,24/03/2024,75,100KG,12,apples,Red delicious (et autres rouges) - Cat. I - Cal. 70-80,Portugal - apples - Red delicious (et autres rouges) - Cat. I - Cal. 70-80,Red delicious (et autres rouges),70-80,,,,,
PT,Portugal,18/03/2024,24/03/2024,80,100KG,12,apples,Jonagold (ou Jonagored) - Cat. I - Cal . 70-80,Portugal - apples - Jonagold (ou Jonagored) - Cat. I - Cal . 70-80,Jonagold (ou Jonagored),70-80,,,,,
PT,Portugal,18/03/2024,24/03/2024,88,100KG,12,apples,Golden delicious - Cat. I - Cal. 70-80,Portugal - apples - Golden delicious - Cat. I - Cal. 70-80,Golden delicious,70-80,,,,,
PT,Portugal,18/03/2024,24/03/2024,116,100KG,12,apples,Fuji - Cat. I - Cal. 70-80,Portugal - apples - Fuji - Cat. I - Cal. 70-80,Fuji,70-80,,,,,
PT,Portugal,18/03/2024,24/03/2024,70,100KG,12,oranges,Lanelate - Cat. I - Cal. 2-4,Portugal - oranges - Lanelate - Cat. I - Cal. 2-4,Lanelate,2-4,,,,,
PT,Portugal,18/03/2024,24/03/2024,98,100KG,12,apples,Gala - Cat . I - Cal . 65-70,Portugal - apples - Gala - Cat . I - Cal . 65-70,Gala,65-70,,,,,
FR,France,11/3/2024,17/03/2024,121,100KG,11,apples,Gala - Cat . I - Cal . 65-70,France - apples - Gala - Cat . I - Cal . 65-70,Gala,65-70,,,,,
FR,France,11/3/2024,17/03/2024,132,100KG,11,apples,Golden delicious - Cat. I - Cal. 70-80,France - apples - Golden delicious - Cat. I - Cal. 70-80,Golden delicious,70-80,,,,,
FR,France,11/3/2024,17/03/2024,136,100KG,11,apples,Granny smith - Cat. I - Cal. 70-80,France - apples - Granny smith - Cat. I - Cal. 70-80,Granny smith,70-80,,,,,
FR,France,11/3/2024,17/03/2024,135,100KG,11,apples,Elstar - Cat. I - Cal. 65-70,France - apples - Elstar - Cat. I - Cal. 65-70,Elstar,65-70,,,,,
NL,Netherlands,11/3/2024,17/03/2024,106.55,100KG,11,apples,Jonagold (ou Jonagored) - Cat. I - Cal . 70-80,Netherlands - apples - Jonagold (ou Jonagored) - Cat. I - Cal . 70-80,Jonagold (ou Jonagored),70-80,,,,,
NL,Netherlands,11/3/2024,17/03/2024,102.09,100KG,11,apples,Elstar - Cat. I - Cal. 65-70,Netherlands - apples - Elstar - Cat. I - Cal. 65-70,Elstar,65-70,,,,,
NL,Netherlands,11/3/2024,17/03/2024,124.19,100KG,11,pears,"Conference - Cat. I - Size 60/65+, packs of around 5-10 kg","Netherlands - pears - Conference - Cat. I - Size 60/65+, packs of around 5-10 kg",Conference,60/65+,,,,,
PT,Portugal,11/3/2024,17/03/2024,166,100KG,11,pears,"Rocha - Cat. I - Size 65+/75+, packs of around 5-10 kg","Portugal - pears - Rocha - Cat. I - Size 65+/75+, packs of around 5-10 kg",Rocha,65+/75+,,,,,
PT,Portugal,11/3/2024,17/03/2024,72,100KG,11,apples,Red delicious (et autres rouges) - Cat. I - Cal. 70-80,Portugal - apples - Red delicious (et autres rouges) - Cat. I - Cal. 70-80,Red delicious (et autres rouges),70-80,,,,,
PT,Portugal,11/3/2024,17/03/2024,70,100KG,11,oranges,Lanelate - Cat. I - Cal. 2-4,Portugal - oranges - Lanelate - Cat. I - Cal. 2-4,Lanelate,2-4,,,,,
PT,Portugal,11/3/2024,17/03/2024,80,100KG,11,apples,Jonagold (ou Jonagored) - Cat. I - Cal . 70-80,Portugal - apples - Jonagold (ou Jonagored) - Cat. I - Cal . 70-80,Jonagold (ou Jonagored),70-80,,,,,
PT,Portugal,11/3/2024,17/03/2024,88,100KG,11,apples,Golden delicious - Cat. I - Cal. 70-80,Portugal - apples - Golden delicious - Cat. I - Cal. 70-80,Golden delicious,70-80,,,,,
PT,Portugal,11/3/2024,17/03/2024,98,100KG,11,apples,Gala - Cat . I - Cal . 65-70,Portugal - apples - Gala - Cat . I - Cal . 65-70,Gala,65-70,,,,,
PT,Portugal,11/3/2024,17/03/2024,125,100KG,11,apples,Fuji - Cat. I - Cal. 70-80,Portugal - apples - Fuji - Cat. I - Cal. 70-80,Fuji,70-80,,,,,
FR,France,4/3/2024,10/3/2024,123,100KG,10,apples,Gala - Cat . I - Cal . 65-70,France - apples - Gala - Cat . I - Cal . 65-70,Gala,65-70,,,,,
FR,France,4/3/2024,10/3/2024,136,100KG,10,apples,Golden delicious - Cat. I - Cal. 70-80,France - apples - Golden delicious - Cat. I - Cal. 70-80,Golden delicious,70-80,,,,,
FR,France,4/3/2024,10/3/2024,136,100KG,10,apples,Granny smith - Cat. I - Cal. 70-80,France - apples - Granny smith - Cat. I - Cal. 70-80,Granny smith,70-80,,,,,
FR,France,4/3/2024,10/3/2024,135,100KG,10,apples,Elstar - Cat. I - Cal. 65-70,France - apples - Elstar - Cat. I - Cal. 65-70,Elstar,65-70,,,,,
NL,Netherlands,4/3/2024,10/3/2024,124.2,100KG,10,pears,"Conference - Cat. I - Size 60/65+, packs of around 5-10 kg","Netherlands - pears - Conference - Cat. I - Size 60/65+, packs of around 5-10 kg",Conference,60/65+,,,,,
NL,Netherlands,4/3/2024,10/3/2024,111.34,100KG,10,apples,Elstar - Cat. I - Cal. 65-70,Netherlands - apples - Elstar - Cat. I - Cal. 65-70,Elstar,65-70,,,,,
NL,Netherlands,4/3/2024,10/3/2024,107,100KG,10,apples,Jonagold (ou Jonagored) - Cat. I - Cal . 70-80,Netherlands - apples - Jonagold (ou Jonagored) - Cat. I - Cal . 70-80,Jonagold (ou Jonagored),70-80,,,,,
PT,Portugal,4/3/2024,10/3/2024,167,100KG,10,pears,"Rocha - Cat. I - Size 65+/75+, packs of around 5-10 kg","Portugal - pears - Rocha - Cat. I - Size 65+/75+, packs of around 5-10 kg",Rocha,65+/75+,,,,,
PT,Portugal,4/3/2024,10/3/2024,75,100KG,10,apples,Red delicious (et autres rouges) - Cat. I - Cal. 70-80,Portugal - apples - Red delicious (et autres rouges) - Cat. I - Cal. 70-80,Red delicious (et autres rouges),70-80,,,,,
PT,Portugal,4/3/2024,10/3/2024,80,100KG,10,apples,Jonagold (ou Jonagored) - Cat. I - Cal . 70-80,Portugal - apples - Jonagold (ou Jonagored) - Cat. I - Cal . 70-80,Jonagold (ou Jonagored),70-80,,,,,
PT,Portugal,4/3/2024,10/3/2024,87,100KG,10,apples,Golden delicious - Cat. I - Cal. 70-80,Portugal - apples - Golden delicious - Cat. I - Cal. 70-80,Golden delicious,70-80,,,,,
PT,Portugal,4/3/2024,10/3/2024,97,100KG,10,apples,Gala - Cat . I - Cal . 65-70,Portugal - apples - Gala - Cat . I - Cal . 65-70,Gala,65-70,,,,,
PT,Portugal,4/3/2024,10/3/2024,70,100KG,10,oranges,Lanelate - Cat. I - Cal. 2-4,Portugal - oranges - Lanelate - Cat. I - Cal. 2-4,Lanelate,2-4,,,,,
PT,Portugal,4/3/2024,10/3/2024,125,100KG,10,apples,Fuji - Cat. I - Cal. 70-80,Portugal - apples - Fuji - Cat. I - Cal. 70-80,Fuji,70-80,,,,,
FR,France,26/02/2024,3/3/2024,123,100KG,9,apples,Gala - Cat . I - Cal . 65-70,France - apples - Gala - Cat . I - Cal . 65-70,Gala,65-70,,,,,
FR,France,26/02/2024,3/3/2024,136,100KG,9,apples,Golden delicious - Cat. I - Cal. 70-80,France - apples - Golden delicious - Cat. I - Cal. 70-80,Golden delicious,70-80,,,,,
FR,France,26/02/2024,3/3/2024,136,100KG,9,apples,Granny smith - Cat. I - Cal. 70-80,France - apples - Granny smith - Cat. I - Cal. 70-80,Granny smith,70-80,,,,,
FR,France,26/02/2024,3/3/2024,135,100KG,9,apples,Elstar - Cat. I - Cal. 65-70,France - apples - Elstar - Cat. I - Cal. 65-70,Elstar,65-70,,,,,
NL,Netherlands,26/02/2024,3/3/2024,127.48,100KG,9,pears,"Conference - Cat. I - Size 60/65+, packs of around 5-10 kg","Netherlands - pears - Conference - Cat. I - Size 60/65+, packs of around 5-10 kg",Conference,60/65+,,,,,
NL,Netherlands,26/02/2024,3/3/2024,123.44,100KG,9,apples,Elstar - Cat. I - Cal. 65-70,Netherlands - apples - Elstar - Cat. I - Cal. 65-70,Elstar,65-70,,,,,
NL,Netherlands,26/02/2024,3/3/2024,105.31,100KG,9,apples,Jonagold (ou Jonagored) - Cat. I - Cal . 70-80,Netherlands - apples - Jonagold (ou Jonagored) - Cat. I - Cal . 70-80,Jonagold (ou Jonagored),70-80,,,,,
PT,Portugal,26/02/2024,3/3/2024,167,100KG,9,pears,"Rocha - Cat. I - Size 65+/75+, packs of around 5-10 kg","Portugal - pears - Rocha - Cat. I - Size 65+/75+, packs of around 5-10 kg",Rocha,65+/75+,,,,,
PT,Portugal,26/02/2024,3/3/2024,75,100KG,9,apples,Red delicious (et autres rouges) - Cat. I - Cal. 70-80,Portugal - apples - Red delicious (et autres rouges) - Cat. I - Cal. 70-80,Red delicious (et autres rouges),70-80,,,,,
PT,Portugal,26/02/2024,3/3/2024,80,100KG,9,apples,Jonagold (ou Jonagored) - Cat. I - Cal . 70-80,Portugal - apples - Jonagold (ou Jonagored) - Cat. I - Cal . 70-80,Jonagold (ou Jonagored),70-80,,,,,
PT,Portugal,26/02/2024,3/3/2024,97,100KG,9,apples,Gala - Cat . I - Cal . 65-70,Portugal - apples - Gala - Cat . I - Cal . 65-70,Gala,65-70,,,,,
PT,Portugal,26/02/2024,3/3/2024,125,100KG,9,apples,Fuji - Cat. I - Cal. 70-80,Portugal - apples - Fuji - Cat. I - Cal. 70-80,Fuji,70-80,,,,,
PT,Portugal,26/02/2024,3/3/2024,87,100KG,9,apples,Golden delicious - Cat. I - Cal. 70-80,Portugal - apples - Golden delicious - Cat. I - Cal. 70-80,Golden delicious,70-80,,,,,
FR,France,19/02/2024,25/02/2024,123,100KG,8,apples,Gala - Cat . I - Cal . 65-70,France - apples - Gala - Cat . I - Cal . 65-70,Gala,65-70,,,,,
FR,France,19/02/2024,25/02/2024,136,100KG,8,apples,Golden delicious - Cat. I - Cal. 70-80,France - apples - Golden delicious - Cat. I - Cal. 70-80,Golden delicious,70-80,,,,,
FR,France,19/02/2024,25/02/2024,136,100KG,8,apples,Granny smith - Cat. I - Cal. 70-80,France - apples - Granny smith - Cat. I - Cal. 70-80,Granny smith,70-80,,,,,
FR,France,19/02/2024,25/02/2024,135,100KG,8,apples,Elstar - Cat. I - Cal. 65-70,France - apples - Elstar - Cat. I - Cal. 65-70,Elstar,65-70,,,,,
NL,Netherlands,19/02/2024,25/02/2024,108.25,100KG,8,apples,Jonagold (ou Jonagored) - Cat. I - Cal . 70-80,Netherlands - apples - Jonagold (ou Jonagored) - Cat. I - Cal . 70-80,Jonagold (ou Jonagored),70-80,,,,,
NL,Netherlands,19/02/2024,25/02/2024,131.84,100KG,8,pears,"Conference - Cat. I - Size 60/65+, packs of around 5-10 kg","Netherlands - pears - Conference - Cat. I - Size 60/65+, packs of around 5-10 kg",Conference,60/65+,,,,,
NL,Netherlands,19/02/2024,25/02/2024,131.76,100KG,8,apples,Elstar - Cat. I - Cal. 65-70,Netherlands - apples - Elstar - Cat. I - Cal. 65-70,Elstar,65-70,,,,,
PT,Portugal,19/02/2024,25/02/2024,97,100KG,8,apples,Gala - Cat . I - Cal . 65-70,Portugal - apples - Gala - Cat . I - Cal . 65-70,Gala,65-70,,,,,
PT,Portugal,19/02/2024,25/02/2024,87,100KG,8,apples,Golden delicious - Cat. I - Cal. 70-80,Portugal - apples - Golden delicious - Cat. I - Cal. 70-80,Golden delicious,70-80,,,,,
PT,Portugal,19/02/2024,25/02/2024,80,100KG,8,apples,Jonagold (ou Jonagored) - Cat. I - Cal . 70-80,Portugal - apples - Jonagold (ou Jonagored) - Cat. I - Cal . 70-80,Jonagold (ou Jonagored),70-80,,,,,
PT,Portugal,19/02/2024,25/02/2024,76,100KG,8,apples,Red delicious (et autres rouges) - Cat. I - Cal. 70-80,Portugal - apples - Red delicious (et autres rouges) - Cat. I - Cal. 70-80,Red delicious (et autres rouges),70-80,,,,,
PT,Portugal,19/02/2024,25/02/2024,168,100KG,8,pears,"Rocha - Cat. I - Size 65+/75+, packs of around 5-10 kg","Portugal - pears - Rocha - Cat. I - Size 65+/75+, packs of around 5-10 kg",Rocha,65+/75+,,,,,
PT,Portugal,19/02/2024,25/02/2024,125,100KG,8,apples,Fuji - Cat. I - Cal. 70-80,Portugal - apples - Fuji - Cat. I - Cal. 70-80,Fuji,70-80,,,,,
FR,France,12/2/2024,18/02/2024,125,100KG,7,apples,Gala - Cat . I - Cal . 65-70,France - apples - Gala - Cat . I - Cal . 65-70,Gala,65-70,,,,,
FR,France,12/2/2024,18/02/2024,137,100KG,7,apples,Golden delicious - Cat. I - Cal. 70-80,France - apples - Golden delicious - Cat. I - Cal. 70-80,Golden delicious,70-80,,,,,
FR,France,12/2/2024,18/02/2024,135,100KG,7,apples,Elstar - Cat. I - Cal. 65-70,France - apples - Elstar - Cat. I - Cal. 65-70,Elstar,65-70,,,,,
FR,France,12/2/2024,18/02/2024,136,100KG,7,apples,Granny smith - Cat. I - Cal. 70-80,France - apples - Granny smith - Cat. I - Cal. 70-80,Granny smith,70-80,,,,,
NL,Netherlands,12/2/2024,18/02/2024,131.78,100KG,7,pears,"Conference - Cat. I - Size 60/65+, packs of around 5-10 kg","Netherlands - pears - Conference - Cat. I - Size 60/65+, packs of around 5-10 kg",Conference,60/65+,,,,,
NL,Netherlands,12/2/2024,18/02/2024,110,100KG,7,apples,Jonagold (ou Jonagored) - Cat. I - Cal . 70-80,Netherlands - apples - Jonagold (ou Jonagored) - Cat. I - Cal . 70-80,Jonagold (ou Jonagored),70-80,,,,,
NL,Netherlands,12/2/2024,18/02/2024,129.68,100KG,7,apples,Elstar - Cat. I - Cal. 65-70,Netherlands - apples - Elstar - Cat. I - Cal. 65-70,Elstar,65-70,,,,,
PT,Portugal,12/2/2024,18/02/2024,168,100KG,7,pears,"Rocha - Cat. I - Size 65+/75+, packs of around 5-10 kg","Portugal - pears - Rocha - Cat. I - Size 65+/75+, packs of around 5-10 kg",Rocha,65+/75+,,,,,
PT,Portugal,12/2/2024,18/02/2024,76,100KG,7,apples,Red delicious (et autres rouges) - Cat. I - Cal. 70-80,Portugal - apples - Red delicious (et autres rouges) - Cat. I - Cal. 70-80,Red delicious (et autres rouges),70-80,,,,,
PT,Portugal,12/2/2024,18/02/2024,80,100KG,7,apples,Jonagold (ou Jonagored) - Cat. I - Cal . 70-80,Portugal - apples - Jonagold (ou Jonagored) - Cat. I - Cal . 70-80,Jonagold (ou Jonagored),70-80,,,,,
PT,Portugal,12/2/2024,18/02/2024,87,100KG,7,apples,Golden delicious - Cat. I - Cal. 70-80,Portugal - apples - Golden delicious - Cat. I - Cal. 70-80,Golden delicious,70-80,,,,,
PT,Portugal,12/2/2024,18/02/2024,125,100KG,7,apples,Fuji - Cat. I - Cal. 70-80,Portugal - apples - Fuji - Cat. I - Cal. 70-80,Fuji,70-80,,,,,
PT,Portugal,12/2/2024,18/02/2024,97,100KG,7,apples,Gala - Cat . I - Cal . 65-70,Portugal - apples - Gala - Cat . I - Cal . 65-70,Gala,65-70,,,,,
FR,France,5/2/2024,11/2/2024,125,100KG,6,apples,Gala - Cat . I - Cal . 65-70,France - apples - Gala - Cat . I - Cal . 65-70,Gala,65-70,,,,,
FR,France,5/2/2024,11/2/2024,135,100KG,6,apples,Elstar - Cat. I - Cal. 65-70,France - apples - Elstar - Cat. I - Cal. 65-70,Elstar,65-70,,,,,
FR,France,5/2/2024,11/2/2024,136,100KG,6,apples,Granny smith - Cat. I - Cal. 70-80,France - apples - Granny smith - Cat. I - Cal. 70-80,Granny smith,70-80,,,,,
FR,France,5/2/2024,11/2/2024,139,100KG,6,apples,Golden delicious - Cat. I - Cal. 70-80,France - apples - Golden delicious - Cat. I - Cal. 70-80,Golden delicious,70-80,,,,,
NL,Netherlands,5/2/2024,11/2/2024,81.04,100KG,6,apples,Jonagold (ou Jonagored) - Cat. I - Cal . 70-80,Netherlands - apples - Jonagold (ou Jonagored) - Cat. I - Cal . 70-80,Jonagold (ou Jonagored),70-80,,,,,
NL,Netherlands,5/2/2024,11/2/2024,92,100KG,6,apples,Elstar - Cat. I - Cal. 65-70,Netherlands - apples - Elstar - Cat. I - Cal. 65-70,Elstar,65-70,,,,,
PT,Portugal,5/2/2024,11/2/2024,168,100KG,6,pears,"Rocha - Cat. I - Size 65+/75+, packs of around 5-10 kg","Portugal - pears - Rocha - Cat. I - Size 65+/75+, packs of around 5-10 kg",Rocha,65+/75+,,,,,
PT,Portugal,5/2/2024,11/2/2024,75,100KG,6,apples,Red delicious (et autres rouges) - Cat. I - Cal. 70-80,Portugal - apples - Red delicious (et autres rouges) - Cat. I - Cal. 70-80,Red delicious (et autres rouges),70-80,,,,,
PT,Portugal,5/2/2024,11/2/2024,80,100KG,6,apples,Jonagold (ou Jonagored) - Cat. I - Cal . 70-80,Portugal - apples - Jonagold (ou Jonagored) - Cat. I - Cal . 70-80,Jonagold (ou Jonagored),70-80,,,,,
PT,Portugal,5/2/2024,11/2/2024,87,100KG,6,apples,Golden delicious - Cat. I - Cal. 70-80,Portugal - apples - Golden delicious - Cat. I - Cal. 70-80,Golden delicious,70-80,,,,,
PT,Portugal,5/2/2024,11/2/2024,125,100KG,6,apples,Fuji - Cat. I - Cal. 70-80,Portugal - apples - Fuji - Cat. I - Cal. 70-80,Fuji,70-80,,,,,
PT,Portugal,5/2/2024,11/2/2024,97,100KG,6,apples,Gala - Cat . I - Cal . 65-70,Portugal - apples - Gala - Cat . I - Cal . 65-70,Gala,65-70,,,,,
FR,France,29/01/2024,4/2/2024,125,100KG,5,apples,Gala - Cat . I - Cal . 65-70,France - apples - Gala - Cat . I - Cal . 65-70,Gala,65-70,,,,,
FR,France,29/01/2024,4/2/2024,140,100KG,5,apples,Golden delicious - Cat. I - Cal. 70-80,France - apples - Golden delicious - Cat. I - Cal. 70-80,Golden delicious,70-80,,,,,
FR,France,29/01/2024,4/2/2024,136,100KG,5,apples,Granny smith - Cat. I - Cal. 70-80,France - apples - Granny smith - Cat. I - Cal. 70-80,Granny smith,70-80,,,,,
FR,France,29/01/2024,4/2/2024,135,100KG,5,apples,Elstar - Cat. I - Cal. 65-70,France - apples - Elstar - Cat. I - Cal. 65-70,Elstar,65-70,,,,,
NL,Netherlands,29/01/2024,4/2/2024,132.95,100KG,5,pears,"Conference - Cat. I - Size 60/65+, packs of around 5-10 kg","Netherlands - pears - Conference - Cat. I - Size 60/65+, packs of around 5-10 kg",Conference,60/65+,,,,,
NL,Netherlands,29/01/2024,4/2/2024,111.15,100KG,5,apples,Jonagold (ou Jonagored) - Cat. I - Cal . 70-80,Netherlands - apples - Jonagold (ou Jonagored) - Cat. I - Cal . 70-80,Jonagold (ou Jonagored),70-80,,,,,
NL,Netherlands,29/01/2024,4/2/2024,132.5,100KG,5,apples,Elstar - Cat. I - Cal. 65-70,Netherlands - apples - Elstar - Cat. I - Cal. 65-70,Elstar,65-70,,,,,
PT,Portugal,29/01/2024,4/2/2024,75,100KG,5,apples,Red delicious (et autres rouges) - Cat. I - Cal. 70-80,Portugal - apples - Red delicious (et autres rouges) - Cat. I - Cal. 70-80,Red delicious (et autres rouges),70-80,,,,,
PT,Portugal,29/01/2024,4/2/2024,87,100KG,5,apples,Golden delicious - Cat. I - Cal. 70-80,Portugal - apples - Golden delicious - Cat. I - Cal. 70-80,Golden delicious,70-80,,,,,
PT,Portugal,29/01/2024,4/2/2024,100,100KG,5,apples,Gala - Cat . I - Cal . 65-70,Portugal - apples - Gala - Cat . I - Cal . 65-70,Gala,65-70,,,,,
PT,Portugal,29/01/2024,4/2/2024,129,100KG,5,apples,Fuji - Cat. I - Cal. 70-80,Portugal - apples - Fuji - Cat. I - Cal. 70-80,Fuji,70-80,,,,,
PT,Portugal,29/01/2024,4/2/2024,170,100KG,5,pears,"Rocha - Cat. I - Size 65+/75+, packs of around 5-10 kg","Portugal - pears - Rocha - Cat. I - Size 65+/75+, packs of around 5-10 kg",Rocha,65+/75+,,,,,
FR,France,22/01/2024,28/01/2024,140,100KG,4,apples,Golden delicious - Cat. I - Cal. 70-80,France - apples - Golden delicious - Cat. I - Cal. 70-80,Golden delicious,70-80,,,,,
FR,France,22/01/2024,28/01/2024,126.5,100KG,4,apples,Gala - Cat . I - Cal . 65-70,France - apples - Gala - Cat . I - Cal . 65-70,Gala,65-70,,,,,
FR,France,22/01/2024,28/01/2024,136,100KG,4,apples,Granny smith - Cat. I - Cal. 70-80,France - apples - Granny smith - Cat. I - Cal. 70-80,Granny smith,70-80,,,,,
FR,France,22/01/2024,28/01/2024,135,100KG,4,apples,Elstar - Cat. I - Cal. 65-70,France - apples - Elstar - Cat. I - Cal. 65-70,Elstar,65-70,,,,,
NL,Netherlands,22/01/2024,28/01/2024,113.72,100KG,4,apples,Jonagold (ou Jonagored) - Cat. I - Cal . 70-80,Netherlands - apples - Jonagold (ou Jonagored) - Cat. I - Cal . 70-80,Jonagold (ou Jonagored),70-80,,,,,
NL,Netherlands,22/01/2024,28/01/2024,118.24,100KG,4,apples,Elstar - Cat. I - Cal. 65-70,Netherlands - apples - Elstar - Cat. I - Cal. 65-70,Elstar,65-70,,,,,
NL,Netherlands,22/01/2024,28/01/2024,128.99,100KG,4,pears,"Conference - Cat. I - Size 60/65+, packs of around 5-10 kg","Netherlands - pears - Conference - Cat. I - Size 60/65+, packs of around 5-10 kg",Conference,60/65+,,,,,
PT,Portugal,22/01/2024,28/01/2024,168,100KG,4,pears,"Rocha - Cat. I - Size 65+/75+, packs of around 5-10 kg","Portugal - pears - Rocha - Cat. I - Size 65+/75+, packs of around 5-10 kg",Rocha,65+/75+,,,,,
PT,Portugal,22/01/2024,28/01/2024,129,100KG,4,apples,Fuji - Cat. I - Cal. 70-80,Portugal - apples - Fuji - Cat. I - Cal. 70-80,Fuji,70-80,,,,,
PT,Portugal,22/01/2024,28/01/2024,100,100KG,4,apples,Gala - Cat . I - Cal . 65-70,Portugal - apples - Gala - Cat . I - Cal . 65-70,Gala,65-70,,,,,
PT,Portugal,22/01/2024,28/01/2024,87,100KG,4,apples,Golden delicious - Cat. I - Cal. 70-80,Portugal - apples - Golden delicious - Cat. I - Cal. 70-80,Golden delicious,70-80,,,,,
PT,Portugal,22/01/2024,28/01/2024,74,100KG,4,apples,Red delicious (et autres rouges) - Cat. I - Cal. 70-80,Portugal - apples - Red delicious (et autres rouges) - Cat. I - Cal. 70-80,Red delicious (et autres rouges),70-80,,,,,
FR,France,15/01/2024,21/01/2024,135,100KG,3,apples,Elstar - Cat. I - Cal. 65-70,France - apples - Elstar - Cat. I - Cal. 65-70,Elstar,65-70,,,,,
FR,France,15/01/2024,21/01/2024,136,100KG,3,apples,Granny smith - Cat. I - Cal. 70-80,France - apples - Granny smith - Cat. I - Cal. 70-80,Granny smith,70-80,,,,,
FR,France,15/01/2024,21/01/2024,140,100KG,3,apples,Golden delicious - Cat. I - Cal. 70-80,France - apples - Golden delicious - Cat. I - Cal. 70-80,Golden delicious,70-80,,,,,
FR,France,15/01/2024,21/01/2024,128,100KG,3,apples,Gala - Cat . I - Cal . 65-70,France - apples - Gala - Cat . I - Cal . 65-70,Gala,65-70,,,,,
NL,Netherlands,15/01/2024,21/01/2024,110.91,100KG,3,apples,Jonagold (ou Jonagored) - Cat. I - Cal . 70-80,Netherlands - apples - Jonagold (ou Jonagored) - Cat. I - Cal . 70-80,Jonagold (ou Jonagored),70-80,,,,,
NL,Netherlands,15/01/2024,21/01/2024,122.12,100KG,3,apples,Elstar - Cat. I - Cal. 65-70,Netherlands - apples - Elstar - Cat. I - Cal. 65-70,Elstar,65-70,,,,,
NL,Netherlands,15/01/2024,21/01/2024,128.41,100KG,3,pears,"Conference - Cat. I - Size 60/65+, packs of around 5-10 kg","Netherlands - pears - Conference - Cat. I - Size 60/65+, packs of around 5-10 kg",Conference,60/65+,,,,,
PT,Portugal,15/01/2024,21/01/2024,170,100KG,3,pears,"Rocha - Cat. I - Size 65+/75+, packs of around 5-10 kg","Portugal - pears - Rocha - Cat. I - Size 65+/75+, packs of around 5-10 kg",Rocha,65+/75+,,,,,
PT,Portugal,15/01/2024,21/01/2024,75,100KG,3,apples,Red delicious (et autres rouges) - Cat. I - Cal. 70-80,Portugal - apples - Red delicious (et autres rouges) - Cat. I - Cal. 70-80,Red delicious (et autres rouges),70-80,,,,,
PT,Portugal,15/01/2024,21/01/2024,87,100KG,3,apples,Golden delicious - Cat. I - Cal. 70-80,Portugal - apples - Golden delicious - Cat. I - Cal. 70-80,Golden delicious,70-80,,,,,
PT,Portugal,15/01/2024,21/01/2024,102,100KG,3,apples,Gala - Cat . I - Cal . 65-70,Portugal - apples - Gala - Cat . I - Cal . 65-70,Gala,65-70,,,,,
PT,Portugal,15/01/2024,21/01/2024,129,100KG,3,apples,Fuji - Cat. I - Cal. 70-80,Portugal - apples - Fuji - Cat. I - Cal. 70-80,Fuji,70-80,,,,,
FR,France,8/1/2024,14/01/2024,135,100KG,2,apples,Elstar - Cat. I - Cal. 65-70,France - apples - Elstar - Cat. I - Cal. 65-70,Elstar,65-70,,,,,
FR,France,8/1/2024,14/01/2024,136,100KG,2,apples,Granny smith - Cat. I - Cal. 70-80,France - apples - Granny smith - Cat. I - Cal. 70-80,Granny smith,70-80,,,,,
FR,France,8/1/2024,14/01/2024,140,100KG,2,apples,Golden delicious - Cat. I - Cal. 70-80,France - apples - Golden delicious - Cat. I - Cal. 70-80,Golden delicious,70-80,,,,,
FR,France,8/1/2024,14/01/2024,128,100KG,2,apples,Gala - Cat . I - Cal . 65-70,France - apples - Gala - Cat . I - Cal . 65-70,Gala,65-70,,,,,
NL,Netherlands,8/1/2024,14/01/2024,118.11,100KG,2,apples,Jonagold (ou Jonagored) - Cat. I - Cal . 70-80,Netherlands - apples - Jonagold (ou Jonagored) - Cat. I - Cal . 70-80,Jonagold (ou Jonagored),70-80,,,,,
NL,Netherlands,8/1/2024,14/01/2024,138,100KG,2,apples,Elstar - Cat. I - Cal. 65-70,Netherlands - apples - Elstar - Cat. I - Cal. 65-70,Elstar,65-70,,,,,
NL,Netherlands,8/1/2024,14/01/2024,128.8,100KG,2,pears,"Conference - Cat. I - Size 60/65+, packs of around 5-10 kg","Netherlands - pears - Conference - Cat. I - Size 60/65+, packs of around 5-10 kg",Conference,60/65+,,,,,
PT,Portugal,8/1/2024,14/01/2024,168,100KG,2,pears,"Rocha - Cat. I - Size 65+/75+, packs of around 5-10 kg","Portugal - pears - Rocha - Cat. I - Size 65+/75+, packs of around 5-10 kg",Rocha,65+/75+,,,,,
PT,Portugal,8/1/2024,14/01/2024,75,100KG,2,apples,Red delicious (et autres rouges) - Cat. I - Cal. 70-80,Portugal - apples - Red delicious (et autres rouges) - Cat. I - Cal. 70-80,Red delicious (et autres rouges),70-80,,,,,
PT,Portugal,8/1/2024,14/01/2024,87,100KG,2,apples,Golden delicious - Cat. I - Cal. 70-80,Portugal - apples - Golden delicious - Cat. I - Cal. 70-80,Golden delicious,70-80,,,,,
PT,Portugal,8/1/2024,14/01/2024,102,100KG,2,apples,Gala - Cat . I - Cal . 65-70,Portugal - apples - Gala - Cat . I - Cal . 65-70,Gala,65-70,,,,,
PT,Portugal,8/1/2024,14/01/2024,129,100KG,2,apples,Fuji - Cat. I - Cal. 70-80,Portugal - apples - Fuji - Cat. I - Cal. 70-80,Fuji,70-80,,,,,
FR,France,1/1/2024,7/1/2024,135,100KG,1,apples,Elstar - Cat. I - Cal. 65-70,France - apples - Elstar - Cat. I - Cal. 65-70,Elstar,65-70,,,,,
FR,France,1/1/2024,7/1/2024,136,100KG,1,apples,Granny smith - Cat. I - Cal. 70-80,France - apples - Granny smith - Cat. I - Cal. 70-80,Granny smith,70-80,,,,,
FR,France,1/1/2024,7/1/2024,140,100KG,1,apples,Golden delicious - Cat. I - Cal. 70-80,France - apples - Golden delicious - Cat. I - Cal. 70-80,Golden delicious,70-80,,,,,
FR,France,1/1/2024,7/1/2024,128,100KG,1,apples,Gala - Cat . I - Cal . 65-70,France - apples - Gala - Cat . I - Cal . 65-70,Gala,65-70,,,,,
NL,Netherlands,1/1/2024,7/1/2024,111.5,100KG,1,apples,Jonagold (ou Jonagored) - Cat. I - Cal . 70-80,Netherlands - apples - Jonagold (ou Jonagored) - Cat. I - Cal . 70-80,Jonagold (ou Jonagored),70-80,,,,,
NL,Netherlands,1/1/2024,7/1/2024,127.89,100KG,1,apples,Elstar - Cat. I - Cal. 65-70,Netherlands - apples - Elstar - Cat. I - Cal. 65-70,Elstar,65-70,,,,,
NL,Netherlands,1/1/2024,7/1/2024,127.36,100KG,1,pears,"Conference - Cat. I - Size 60/65+, packs of around 5-10 kg","Netherlands - pears - Conference - Cat. I - Size 60/65+, packs of around 5-10 kg",Conference,60/65+,,,,,
PT,Portugal,1/1/2024,7/1/2024,168,100KG,1,pears,"Rocha - Cat. I - Size 65+/75+, packs of around 5-10 kg","Portugal - pears - Rocha - Cat. I - Size 65+/75+, packs of around 5-10 kg",Rocha,65+/75+,,,,,
PT,Portugal,1/1/2024,7/1/2024,75,100KG,1,apples,Red delicious (et autres rouges) - Cat. I - Cal. 70-80,Portugal - apples - Red delicious (et autres rouges) - Cat. I - Cal. 70-80,Red delicious (et autres rouges),70-80,,,,,
PT,Portugal,1/1/2024,7/1/2024,87,100KG,1,apples,Golden delicious - Cat. I - Cal. 70-80,Portugal - apples - Golden delicious - Cat. I - Cal. 70-80,Golden delicious,70-80,,,,,
PT,Portugal,1/1/2024,7/1/2024,101,100KG,1,apples,Gala - Cat . I - Cal . 65-70,Portugal - apples - Gala - Cat . I - Cal . 65-70,Gala,65-70,,,,,
PT,Portugal,1/1/2024,7/1/2024,129,100KG,1,apples,Fuji - Cat. I - Cal. 70-80,Portugal - apples - Fuji - Cat. I - Cal. 70-80,Fuji,70-80,,,,,
